-- autogenerated by gencode2sql.pl from NCBI gencode.dmp
SET search_path=public,genetic_code;
INSERT INTO gencode (gencode_id,organismstr) VALUES (0,'Unspecified');
INSERT INTO gencode (gencode_id,organismstr) VALUES (1,'Standard');
INSERT INTO gencode (gencode_id,organismstr) VALUES (2,'Vertebrate Mitochondrial');
INSERT INTO gencode (gencode_id,organismstr) VALUES (3,'Yeast Mitochondrial');
INSERT INTO gencode (gencode_id,organismstr) VALUES (4,'Mold Mitochondrial; Protozoan Mitochondrial; Coelenterate Mitochondrial; Mycoplasma; Spiroplasma');
INSERT INTO gencode (gencode_id,organismstr) VALUES (5,'Invertebrate Mitochondrial');
INSERT INTO gencode (gencode_id,organismstr) VALUES (6,'Ciliate Nuclear; Dasycladacean Nuclear; Hexamita Nuclear');
INSERT INTO gencode (gencode_id,organismstr) VALUES (9,'Echinoderm Mitochondrial; Flatworm Mitochondrial');
INSERT INTO gencode (gencode_id,organismstr) VALUES (10,'Euplotid Nuclear');
INSERT INTO gencode (gencode_id,organismstr) VALUES (11,'Bacterial and Plant Plastid');
INSERT INTO gencode (gencode_id,organismstr) VALUES (12,'Alternative Yeast Nuclear');
INSERT INTO gencode (gencode_id,organismstr) VALUES (13,'Ascidian Mitochondrial');
INSERT INTO gencode (gencode_id,organismstr) VALUES (14,'Alternative Flatworm Mitochondrial');
INSERT INTO gencode (gencode_id,organismstr) VALUES (15,'Blepharisma Macronuclear');
INSERT INTO gencode (gencode_id,organismstr) VALUES (16,'Chlorophycean Mitochondrial');
INSERT INTO gencode (gencode_id,organismstr) VALUES (21,'Trematode Mitochondrial');
INSERT INTO gencode (gencode_id,organismstr) VALUES (22,'Scenedesmus obliquus mitochondrial');
INSERT INTO gencode (gencode_id,organismstr) VALUES (23,'Thraustochytrium mitochondrial code');
INSERT INTO gencode_codon_aa (gencode_id,codon,aa) VALUES (1,'TTT','F');
INSERT INTO gencode_codon_aa (gencode_id,codon,aa) VALUES (1,'TTC','F');
INSERT INTO gencode_codon_aa (gencode_id,codon,aa) VALUES (1,'TTA','L');
INSERT INTO gencode_codon_aa (gencode_id,codon,aa) VALUES (1,'TTG','L');
INSERT INTO gencode_codon_aa (gencode_id,codon,aa) VALUES (1,'TCT','S');
INSERT INTO gencode_codon_aa (gencode_id,codon,aa) VALUES (1,'TCC','S');
INSERT INTO gencode_codon_aa (gencode_id,codon,aa) VALUES (1,'TCA','S');
INSERT INTO gencode_codon_aa (gencode_id,codon,aa) VALUES (1,'TCG','S');
INSERT INTO gencode_codon_aa (gencode_id,codon,aa) VALUES (1,'TAT','Y');
INSERT INTO gencode_codon_aa (gencode_id,codon,aa) VALUES (1,'TAC','Y');
INSERT INTO gencode_codon_aa (gencode_id,codon,aa) VALUES (1,'TAA','*');
INSERT INTO gencode_codon_aa (gencode_id,codon,aa) VALUES (1,'TAG','*');
INSERT INTO gencode_codon_aa (gencode_id,codon,aa) VALUES (1,'TGT','C');
INSERT INTO gencode_codon_aa (gencode_id,codon,aa) VALUES (1,'TGC','C');
INSERT INTO gencode_codon_aa (gencode_id,codon,aa) VALUES (1,'TGA','*');
INSERT INTO gencode_codon_aa (gencode_id,codon,aa) VALUES (1,'TGG','W');
INSERT INTO gencode_codon_aa (gencode_id,codon,aa) VALUES (1,'CTT','L');
INSERT INTO gencode_codon_aa (gencode_id,codon,aa) VALUES (1,'CTC','L');
INSERT INTO gencode_codon_aa (gencode_id,codon,aa) VALUES (1,'CTA','L');
INSERT INTO gencode_codon_aa (gencode_id,codon,aa) VALUES (1,'CTG','L');
INSERT INTO gencode_codon_aa (gencode_id,codon,aa) VALUES (1,'CCT','P');
INSERT INTO gencode_codon_aa (gencode_id,codon,aa) VALUES (1,'CCC','P');
INSERT INTO gencode_codon_aa (gencode_id,codon,aa) VALUES (1,'CCA','P');
INSERT INTO gencode_codon_aa (gencode_id,codon,aa) VALUES (1,'CCG','P');
INSERT INTO gencode_codon_aa (gencode_id,codon,aa) VALUES (1,'CAT','H');
INSERT INTO gencode_codon_aa (gencode_id,codon,aa) VALUES (1,'CAC','H');
INSERT INTO gencode_codon_aa (gencode_id,codon,aa) VALUES (1,'CAA','Q');
INSERT INTO gencode_codon_aa (gencode_id,codon,aa) VALUES (1,'CAG','Q');
INSERT INTO gencode_codon_aa (gencode_id,codon,aa) VALUES (1,'CGT','R');
INSERT INTO gencode_codon_aa (gencode_id,codon,aa) VALUES (1,'CGC','R');
INSERT INTO gencode_codon_aa (gencode_id,codon,aa) VALUES (1,'CGA','R');
INSERT INTO gencode_codon_aa (gencode_id,codon,aa) VALUES (1,'CGG','R');
INSERT INTO gencode_codon_aa (gencode_id,codon,aa) VALUES (1,'ATT','I');
INSERT INTO gencode_codon_aa (gencode_id,codon,aa) VALUES (1,'ATC','I');
INSERT INTO gencode_codon_aa (gencode_id,codon,aa) VALUES (1,'ATA','I');
INSERT INTO gencode_codon_aa (gencode_id,codon,aa) VALUES (1,'ATG','M');
INSERT INTO gencode_codon_aa (gencode_id,codon,aa) VALUES (1,'ACT','T');
INSERT INTO gencode_codon_aa (gencode_id,codon,aa) VALUES (1,'ACC','T');
INSERT INTO gencode_codon_aa (gencode_id,codon,aa) VALUES (1,'ACA','T');
INSERT INTO gencode_codon_aa (gencode_id,codon,aa) VALUES (1,'ACG','T');
INSERT INTO gencode_codon_aa (gencode_id,codon,aa) VALUES (1,'AAT','N');
INSERT INTO gencode_codon_aa (gencode_id,codon,aa) VALUES (1,'AAC','N');
INSERT INTO gencode_codon_aa (gencode_id,codon,aa) VALUES (1,'AAA','K');
INSERT INTO gencode_codon_aa (gencode_id,codon,aa) VALUES (1,'AAG','K');
INSERT INTO gencode_codon_aa (gencode_id,codon,aa) VALUES (1,'AGT','S');
INSERT INTO gencode_codon_aa (gencode_id,codon,aa) VALUES (1,'AGC','S');
INSERT INTO gencode_codon_aa (gencode_id,codon,aa) VALUES (1,'AGA','R');
INSERT INTO gencode_codon_aa (gencode_id,codon,aa) VALUES (1,'AGG','R');
INSERT INTO gencode_codon_aa (gencode_id,codon,aa) VALUES (1,'GTT','V');
INSERT INTO gencode_codon_aa (gencode_id,codon,aa) VALUES (1,'GTC','V');
INSERT INTO gencode_codon_aa (gencode_id,codon,aa) VALUES (1,'GTA','V');
INSERT INTO gencode_codon_aa (gencode_id,codon,aa) VALUES (1,'GTG','V');
INSERT INTO gencode_codon_aa (gencode_id,codon,aa) VALUES (1,'GCT','A');
INSERT INTO gencode_codon_aa (gencode_id,codon,aa) VALUES (1,'GCC','A');
INSERT INTO gencode_codon_aa (gencode_id,codon,aa) VALUES (1,'GCA','A');
INSERT INTO gencode_codon_aa (gencode_id,codon,aa) VALUES (1,'GCG','A');
INSERT INTO gencode_codon_aa (gencode_id,codon,aa) VALUES (1,'GAT','D');
INSERT INTO gencode_codon_aa (gencode_id,codon,aa) VALUES (1,'GAC','D');
INSERT INTO gencode_codon_aa (gencode_id,codon,aa) VALUES (1,'GAA','E');
INSERT INTO gencode_codon_aa (gencode_id,codon,aa) VALUES (1,'GAG','E');
INSERT INTO gencode_codon_aa (gencode_id,codon,aa) VALUES (1,'GGT','G');
INSERT INTO gencode_codon_aa (gencode_id,codon,aa) VALUES (1,'GGC','G');
INSERT INTO gencode_codon_aa (gencode_id,codon,aa) VALUES (1,'GGA','G');
INSERT INTO gencode_codon_aa (gencode_id,codon,aa) VALUES (1,'GGG','G');
INSERT INTO gencode_codon_aa (gencode_id,codon,aa) VALUES (2,'TTT','F');
INSERT INTO gencode_codon_aa (gencode_id,codon,aa) VALUES (2,'TTC','F');
INSERT INTO gencode_codon_aa (gencode_id,codon,aa) VALUES (2,'TTA','L');
INSERT INTO gencode_codon_aa (gencode_id,codon,aa) VALUES (2,'TTG','L');
INSERT INTO gencode_codon_aa (gencode_id,codon,aa) VALUES (2,'TCT','S');
INSERT INTO gencode_codon_aa (gencode_id,codon,aa) VALUES (2,'TCC','S');
INSERT INTO gencode_codon_aa (gencode_id,codon,aa) VALUES (2,'TCA','S');
INSERT INTO gencode_codon_aa (gencode_id,codon,aa) VALUES (2,'TCG','S');
INSERT INTO gencode_codon_aa (gencode_id,codon,aa) VALUES (2,'TAT','Y');
INSERT INTO gencode_codon_aa (gencode_id,codon,aa) VALUES (2,'TAC','Y');
INSERT INTO gencode_codon_aa (gencode_id,codon,aa) VALUES (2,'TAA','*');
INSERT INTO gencode_codon_aa (gencode_id,codon,aa) VALUES (2,'TAG','*');
INSERT INTO gencode_codon_aa (gencode_id,codon,aa) VALUES (2,'TGT','C');
INSERT INTO gencode_codon_aa (gencode_id,codon,aa) VALUES (2,'TGC','C');
INSERT INTO gencode_codon_aa (gencode_id,codon,aa) VALUES (2,'TGA','W');
INSERT INTO gencode_codon_aa (gencode_id,codon,aa) VALUES (2,'TGG','W');
INSERT INTO gencode_codon_aa (gencode_id,codon,aa) VALUES (2,'CTT','L');
INSERT INTO gencode_codon_aa (gencode_id,codon,aa) VALUES (2,'CTC','L');
INSERT INTO gencode_codon_aa (gencode_id,codon,aa) VALUES (2,'CTA','L');
INSERT INTO gencode_codon_aa (gencode_id,codon,aa) VALUES (2,'CTG','L');
INSERT INTO gencode_codon_aa (gencode_id,codon,aa) VALUES (2,'CCT','P');
INSERT INTO gencode_codon_aa (gencode_id,codon,aa) VALUES (2,'CCC','P');
INSERT INTO gencode_codon_aa (gencode_id,codon,aa) VALUES (2,'CCA','P');
INSERT INTO gencode_codon_aa (gencode_id,codon,aa) VALUES (2,'CCG','P');
INSERT INTO gencode_codon_aa (gencode_id,codon,aa) VALUES (2,'CAT','H');
INSERT INTO gencode_codon_aa (gencode_id,codon,aa) VALUES (2,'CAC','H');
INSERT INTO gencode_codon_aa (gencode_id,codon,aa) VALUES (2,'CAA','Q');
INSERT INTO gencode_codon_aa (gencode_id,codon,aa) VALUES (2,'CAG','Q');
INSERT INTO gencode_codon_aa (gencode_id,codon,aa) VALUES (2,'CGT','R');
INSERT INTO gencode_codon_aa (gencode_id,codon,aa) VALUES (2,'CGC','R');
INSERT INTO gencode_codon_aa (gencode_id,codon,aa) VALUES (2,'CGA','R');
INSERT INTO gencode_codon_aa (gencode_id,codon,aa) VALUES (2,'CGG','R');
INSERT INTO gencode_codon_aa (gencode_id,codon,aa) VALUES (2,'ATT','I');
INSERT INTO gencode_codon_aa (gencode_id,codon,aa) VALUES (2,'ATC','I');
INSERT INTO gencode_codon_aa (gencode_id,codon,aa) VALUES (2,'ATA','M');
INSERT INTO gencode_codon_aa (gencode_id,codon,aa) VALUES (2,'ATG','M');
INSERT INTO gencode_codon_aa (gencode_id,codon,aa) VALUES (2,'ACT','T');
INSERT INTO gencode_codon_aa (gencode_id,codon,aa) VALUES (2,'ACC','T');
INSERT INTO gencode_codon_aa (gencode_id,codon,aa) VALUES (2,'ACA','T');
INSERT INTO gencode_codon_aa (gencode_id,codon,aa) VALUES (2,'ACG','T');
INSERT INTO gencode_codon_aa (gencode_id,codon,aa) VALUES (2,'AAT','N');
INSERT INTO gencode_codon_aa (gencode_id,codon,aa) VALUES (2,'AAC','N');
INSERT INTO gencode_codon_aa (gencode_id,codon,aa) VALUES (2,'AAA','K');
INSERT INTO gencode_codon_aa (gencode_id,codon,aa) VALUES (2,'AAG','K');
INSERT INTO gencode_codon_aa (gencode_id,codon,aa) VALUES (2,'AGT','S');
INSERT INTO gencode_codon_aa (gencode_id,codon,aa) VALUES (2,'AGC','S');
INSERT INTO gencode_codon_aa (gencode_id,codon,aa) VALUES (2,'AGA','*');
INSERT INTO gencode_codon_aa (gencode_id,codon,aa) VALUES (2,'AGG','*');
INSERT INTO gencode_codon_aa (gencode_id,codon,aa) VALUES (2,'GTT','V');
INSERT INTO gencode_codon_aa (gencode_id,codon,aa) VALUES (2,'GTC','V');
INSERT INTO gencode_codon_aa (gencode_id,codon,aa) VALUES (2,'GTA','V');
INSERT INTO gencode_codon_aa (gencode_id,codon,aa) VALUES (2,'GTG','V');
INSERT INTO gencode_codon_aa (gencode_id,codon,aa) VALUES (2,'GCT','A');
INSERT INTO gencode_codon_aa (gencode_id,codon,aa) VALUES (2,'GCC','A');
INSERT INTO gencode_codon_aa (gencode_id,codon,aa) VALUES (2,'GCA','A');
INSERT INTO gencode_codon_aa (gencode_id,codon,aa) VALUES (2,'GCG','A');
INSERT INTO gencode_codon_aa (gencode_id,codon,aa) VALUES (2,'GAT','D');
INSERT INTO gencode_codon_aa (gencode_id,codon,aa) VALUES (2,'GAC','D');
INSERT INTO gencode_codon_aa (gencode_id,codon,aa) VALUES (2,'GAA','E');
INSERT INTO gencode_codon_aa (gencode_id,codon,aa) VALUES (2,'GAG','E');
INSERT INTO gencode_codon_aa (gencode_id,codon,aa) VALUES (2,'GGT','G');
INSERT INTO gencode_codon_aa (gencode_id,codon,aa) VALUES (2,'GGC','G');
INSERT INTO gencode_codon_aa (gencode_id,codon,aa) VALUES (2,'GGA','G');
INSERT INTO gencode_codon_aa (gencode_id,codon,aa) VALUES (2,'GGG','G');
INSERT INTO gencode_codon_aa (gencode_id,codon,aa) VALUES (3,'TTT','F');
INSERT INTO gencode_codon_aa (gencode_id,codon,aa) VALUES (3,'TTC','F');
INSERT INTO gencode_codon_aa (gencode_id,codon,aa) VALUES (3,'TTA','L');
INSERT INTO gencode_codon_aa (gencode_id,codon,aa) VALUES (3,'TTG','L');
INSERT INTO gencode_codon_aa (gencode_id,codon,aa) VALUES (3,'TCT','S');
INSERT INTO gencode_codon_aa (gencode_id,codon,aa) VALUES (3,'TCC','S');
INSERT INTO gencode_codon_aa (gencode_id,codon,aa) VALUES (3,'TCA','S');
INSERT INTO gencode_codon_aa (gencode_id,codon,aa) VALUES (3,'TCG','S');
INSERT INTO gencode_codon_aa (gencode_id,codon,aa) VALUES (3,'TAT','Y');
INSERT INTO gencode_codon_aa (gencode_id,codon,aa) VALUES (3,'TAC','Y');
INSERT INTO gencode_codon_aa (gencode_id,codon,aa) VALUES (3,'TAA','*');
INSERT INTO gencode_codon_aa (gencode_id,codon,aa) VALUES (3,'TAG','*');
INSERT INTO gencode_codon_aa (gencode_id,codon,aa) VALUES (3,'TGT','C');
INSERT INTO gencode_codon_aa (gencode_id,codon,aa) VALUES (3,'TGC','C');
INSERT INTO gencode_codon_aa (gencode_id,codon,aa) VALUES (3,'TGA','W');
INSERT INTO gencode_codon_aa (gencode_id,codon,aa) VALUES (3,'TGG','W');
INSERT INTO gencode_codon_aa (gencode_id,codon,aa) VALUES (3,'CTT','T');
INSERT INTO gencode_codon_aa (gencode_id,codon,aa) VALUES (3,'CTC','T');
INSERT INTO gencode_codon_aa (gencode_id,codon,aa) VALUES (3,'CTA','T');
INSERT INTO gencode_codon_aa (gencode_id,codon,aa) VALUES (3,'CTG','T');
INSERT INTO gencode_codon_aa (gencode_id,codon,aa) VALUES (3,'CCT','P');
INSERT INTO gencode_codon_aa (gencode_id,codon,aa) VALUES (3,'CCC','P');
INSERT INTO gencode_codon_aa (gencode_id,codon,aa) VALUES (3,'CCA','P');
INSERT INTO gencode_codon_aa (gencode_id,codon,aa) VALUES (3,'CCG','P');
INSERT INTO gencode_codon_aa (gencode_id,codon,aa) VALUES (3,'CAT','H');
INSERT INTO gencode_codon_aa (gencode_id,codon,aa) VALUES (3,'CAC','H');
INSERT INTO gencode_codon_aa (gencode_id,codon,aa) VALUES (3,'CAA','Q');
INSERT INTO gencode_codon_aa (gencode_id,codon,aa) VALUES (3,'CAG','Q');
INSERT INTO gencode_codon_aa (gencode_id,codon,aa) VALUES (3,'CGT','R');
INSERT INTO gencode_codon_aa (gencode_id,codon,aa) VALUES (3,'CGC','R');
INSERT INTO gencode_codon_aa (gencode_id,codon,aa) VALUES (3,'CGA','R');
INSERT INTO gencode_codon_aa (gencode_id,codon,aa) VALUES (3,'CGG','R');
INSERT INTO gencode_codon_aa (gencode_id,codon,aa) VALUES (3,'ATT','I');
INSERT INTO gencode_codon_aa (gencode_id,codon,aa) VALUES (3,'ATC','I');
INSERT INTO gencode_codon_aa (gencode_id,codon,aa) VALUES (3,'ATA','M');
INSERT INTO gencode_codon_aa (gencode_id,codon,aa) VALUES (3,'ATG','M');
INSERT INTO gencode_codon_aa (gencode_id,codon,aa) VALUES (3,'ACT','T');
INSERT INTO gencode_codon_aa (gencode_id,codon,aa) VALUES (3,'ACC','T');
INSERT INTO gencode_codon_aa (gencode_id,codon,aa) VALUES (3,'ACA','T');
INSERT INTO gencode_codon_aa (gencode_id,codon,aa) VALUES (3,'ACG','T');
INSERT INTO gencode_codon_aa (gencode_id,codon,aa) VALUES (3,'AAT','N');
INSERT INTO gencode_codon_aa (gencode_id,codon,aa) VALUES (3,'AAC','N');
INSERT INTO gencode_codon_aa (gencode_id,codon,aa) VALUES (3,'AAA','K');
INSERT INTO gencode_codon_aa (gencode_id,codon,aa) VALUES (3,'AAG','K');
INSERT INTO gencode_codon_aa (gencode_id,codon,aa) VALUES (3,'AGT','S');
INSERT INTO gencode_codon_aa (gencode_id,codon,aa) VALUES (3,'AGC','S');
INSERT INTO gencode_codon_aa (gencode_id,codon,aa) VALUES (3,'AGA','R');
INSERT INTO gencode_codon_aa (gencode_id,codon,aa) VALUES (3,'AGG','R');
INSERT INTO gencode_codon_aa (gencode_id,codon,aa) VALUES (3,'GTT','V');
INSERT INTO gencode_codon_aa (gencode_id,codon,aa) VALUES (3,'GTC','V');
INSERT INTO gencode_codon_aa (gencode_id,codon,aa) VALUES (3,'GTA','V');
INSERT INTO gencode_codon_aa (gencode_id,codon,aa) VALUES (3,'GTG','V');
INSERT INTO gencode_codon_aa (gencode_id,codon,aa) VALUES (3,'GCT','A');
INSERT INTO gencode_codon_aa (gencode_id,codon,aa) VALUES (3,'GCC','A');
INSERT INTO gencode_codon_aa (gencode_id,codon,aa) VALUES (3,'GCA','A');
INSERT INTO gencode_codon_aa (gencode_id,codon,aa) VALUES (3,'GCG','A');
INSERT INTO gencode_codon_aa (gencode_id,codon,aa) VALUES (3,'GAT','D');
INSERT INTO gencode_codon_aa (gencode_id,codon,aa) VALUES (3,'GAC','D');
INSERT INTO gencode_codon_aa (gencode_id,codon,aa) VALUES (3,'GAA','E');
INSERT INTO gencode_codon_aa (gencode_id,codon,aa) VALUES (3,'GAG','E');
INSERT INTO gencode_codon_aa (gencode_id,codon,aa) VALUES (3,'GGT','G');
INSERT INTO gencode_codon_aa (gencode_id,codon,aa) VALUES (3,'GGC','G');
INSERT INTO gencode_codon_aa (gencode_id,codon,aa) VALUES (3,'GGA','G');
INSERT INTO gencode_codon_aa (gencode_id,codon,aa) VALUES (3,'GGG','G');
INSERT INTO gencode_codon_aa (gencode_id,codon,aa) VALUES (4,'TTT','F');
INSERT INTO gencode_codon_aa (gencode_id,codon,aa) VALUES (4,'TTC','F');
INSERT INTO gencode_codon_aa (gencode_id,codon,aa) VALUES (4,'TTA','L');
INSERT INTO gencode_codon_aa (gencode_id,codon,aa) VALUES (4,'TTG','L');
INSERT INTO gencode_codon_aa (gencode_id,codon,aa) VALUES (4,'TCT','S');
INSERT INTO gencode_codon_aa (gencode_id,codon,aa) VALUES (4,'TCC','S');
INSERT INTO gencode_codon_aa (gencode_id,codon,aa) VALUES (4,'TCA','S');
INSERT INTO gencode_codon_aa (gencode_id,codon,aa) VALUES (4,'TCG','S');
INSERT INTO gencode_codon_aa (gencode_id,codon,aa) VALUES (4,'TAT','Y');
INSERT INTO gencode_codon_aa (gencode_id,codon,aa) VALUES (4,'TAC','Y');
INSERT INTO gencode_codon_aa (gencode_id,codon,aa) VALUES (4,'TAA','*');
INSERT INTO gencode_codon_aa (gencode_id,codon,aa) VALUES (4,'TAG','*');
INSERT INTO gencode_codon_aa (gencode_id,codon,aa) VALUES (4,'TGT','C');
INSERT INTO gencode_codon_aa (gencode_id,codon,aa) VALUES (4,'TGC','C');
INSERT INTO gencode_codon_aa (gencode_id,codon,aa) VALUES (4,'TGA','W');
INSERT INTO gencode_codon_aa (gencode_id,codon,aa) VALUES (4,'TGG','W');
INSERT INTO gencode_codon_aa (gencode_id,codon,aa) VALUES (4,'CTT','L');
INSERT INTO gencode_codon_aa (gencode_id,codon,aa) VALUES (4,'CTC','L');
INSERT INTO gencode_codon_aa (gencode_id,codon,aa) VALUES (4,'CTA','L');
INSERT INTO gencode_codon_aa (gencode_id,codon,aa) VALUES (4,'CTG','L');
INSERT INTO gencode_codon_aa (gencode_id,codon,aa) VALUES (4,'CCT','P');
INSERT INTO gencode_codon_aa (gencode_id,codon,aa) VALUES (4,'CCC','P');
INSERT INTO gencode_codon_aa (gencode_id,codon,aa) VALUES (4,'CCA','P');
INSERT INTO gencode_codon_aa (gencode_id,codon,aa) VALUES (4,'CCG','P');
INSERT INTO gencode_codon_aa (gencode_id,codon,aa) VALUES (4,'CAT','H');
INSERT INTO gencode_codon_aa (gencode_id,codon,aa) VALUES (4,'CAC','H');
INSERT INTO gencode_codon_aa (gencode_id,codon,aa) VALUES (4,'CAA','Q');
INSERT INTO gencode_codon_aa (gencode_id,codon,aa) VALUES (4,'CAG','Q');
INSERT INTO gencode_codon_aa (gencode_id,codon,aa) VALUES (4,'CGT','R');
INSERT INTO gencode_codon_aa (gencode_id,codon,aa) VALUES (4,'CGC','R');
INSERT INTO gencode_codon_aa (gencode_id,codon,aa) VALUES (4,'CGA','R');
INSERT INTO gencode_codon_aa (gencode_id,codon,aa) VALUES (4,'CGG','R');
INSERT INTO gencode_codon_aa (gencode_id,codon,aa) VALUES (4,'ATT','I');
INSERT INTO gencode_codon_aa (gencode_id,codon,aa) VALUES (4,'ATC','I');
INSERT INTO gencode_codon_aa (gencode_id,codon,aa) VALUES (4,'ATA','I');
INSERT INTO gencode_codon_aa (gencode_id,codon,aa) VALUES (4,'ATG','M');
INSERT INTO gencode_codon_aa (gencode_id,codon,aa) VALUES (4,'ACT','T');
INSERT INTO gencode_codon_aa (gencode_id,codon,aa) VALUES (4,'ACC','T');
INSERT INTO gencode_codon_aa (gencode_id,codon,aa) VALUES (4,'ACA','T');
INSERT INTO gencode_codon_aa (gencode_id,codon,aa) VALUES (4,'ACG','T');
INSERT INTO gencode_codon_aa (gencode_id,codon,aa) VALUES (4,'AAT','N');
INSERT INTO gencode_codon_aa (gencode_id,codon,aa) VALUES (4,'AAC','N');
INSERT INTO gencode_codon_aa (gencode_id,codon,aa) VALUES (4,'AAA','K');
INSERT INTO gencode_codon_aa (gencode_id,codon,aa) VALUES (4,'AAG','K');
INSERT INTO gencode_codon_aa (gencode_id,codon,aa) VALUES (4,'AGT','S');
INSERT INTO gencode_codon_aa (gencode_id,codon,aa) VALUES (4,'AGC','S');
INSERT INTO gencode_codon_aa (gencode_id,codon,aa) VALUES (4,'AGA','R');
INSERT INTO gencode_codon_aa (gencode_id,codon,aa) VALUES (4,'AGG','R');
INSERT INTO gencode_codon_aa (gencode_id,codon,aa) VALUES (4,'GTT','V');
INSERT INTO gencode_codon_aa (gencode_id,codon,aa) VALUES (4,'GTC','V');
INSERT INTO gencode_codon_aa (gencode_id,codon,aa) VALUES (4,'GTA','V');
INSERT INTO gencode_codon_aa (gencode_id,codon,aa) VALUES (4,'GTG','V');
INSERT INTO gencode_codon_aa (gencode_id,codon,aa) VALUES (4,'GCT','A');
INSERT INTO gencode_codon_aa (gencode_id,codon,aa) VALUES (4,'GCC','A');
INSERT INTO gencode_codon_aa (gencode_id,codon,aa) VALUES (4,'GCA','A');
INSERT INTO gencode_codon_aa (gencode_id,codon,aa) VALUES (4,'GCG','A');
INSERT INTO gencode_codon_aa (gencode_id,codon,aa) VALUES (4,'GAT','D');
INSERT INTO gencode_codon_aa (gencode_id,codon,aa) VALUES (4,'GAC','D');
INSERT INTO gencode_codon_aa (gencode_id,codon,aa) VALUES (4,'GAA','E');
INSERT INTO gencode_codon_aa (gencode_id,codon,aa) VALUES (4,'GAG','E');
INSERT INTO gencode_codon_aa (gencode_id,codon,aa) VALUES (4,'GGT','G');
INSERT INTO gencode_codon_aa (gencode_id,codon,aa) VALUES (4,'GGC','G');
INSERT INTO gencode_codon_aa (gencode_id,codon,aa) VALUES (4,'GGA','G');
INSERT INTO gencode_codon_aa (gencode_id,codon,aa) VALUES (4,'GGG','G');
INSERT INTO gencode_codon_aa (gencode_id,codon,aa) VALUES (5,'TTT','F');
INSERT INTO gencode_codon_aa (gencode_id,codon,aa) VALUES (5,'TTC','F');
INSERT INTO gencode_codon_aa (gencode_id,codon,aa) VALUES (5,'TTA','L');
INSERT INTO gencode_codon_aa (gencode_id,codon,aa) VALUES (5,'TTG','L');
INSERT INTO gencode_codon_aa (gencode_id,codon,aa) VALUES (5,'TCT','S');
INSERT INTO gencode_codon_aa (gencode_id,codon,aa) VALUES (5,'TCC','S');
INSERT INTO gencode_codon_aa (gencode_id,codon,aa) VALUES (5,'TCA','S');
INSERT INTO gencode_codon_aa (gencode_id,codon,aa) VALUES (5,'TCG','S');
INSERT INTO gencode_codon_aa (gencode_id,codon,aa) VALUES (5,'TAT','Y');
INSERT INTO gencode_codon_aa (gencode_id,codon,aa) VALUES (5,'TAC','Y');
INSERT INTO gencode_codon_aa (gencode_id,codon,aa) VALUES (5,'TAA','*');
INSERT INTO gencode_codon_aa (gencode_id,codon,aa) VALUES (5,'TAG','*');
INSERT INTO gencode_codon_aa (gencode_id,codon,aa) VALUES (5,'TGT','C');
INSERT INTO gencode_codon_aa (gencode_id,codon,aa) VALUES (5,'TGC','C');
INSERT INTO gencode_codon_aa (gencode_id,codon,aa) VALUES (5,'TGA','W');
INSERT INTO gencode_codon_aa (gencode_id,codon,aa) VALUES (5,'TGG','W');
INSERT INTO gencode_codon_aa (gencode_id,codon,aa) VALUES (5,'CTT','L');
INSERT INTO gencode_codon_aa (gencode_id,codon,aa) VALUES (5,'CTC','L');
INSERT INTO gencode_codon_aa (gencode_id,codon,aa) VALUES (5,'CTA','L');
INSERT INTO gencode_codon_aa (gencode_id,codon,aa) VALUES (5,'CTG','L');
INSERT INTO gencode_codon_aa (gencode_id,codon,aa) VALUES (5,'CCT','P');
INSERT INTO gencode_codon_aa (gencode_id,codon,aa) VALUES (5,'CCC','P');
INSERT INTO gencode_codon_aa (gencode_id,codon,aa) VALUES (5,'CCA','P');
INSERT INTO gencode_codon_aa (gencode_id,codon,aa) VALUES (5,'CCG','P');
INSERT INTO gencode_codon_aa (gencode_id,codon,aa) VALUES (5,'CAT','H');
INSERT INTO gencode_codon_aa (gencode_id,codon,aa) VALUES (5,'CAC','H');
INSERT INTO gencode_codon_aa (gencode_id,codon,aa) VALUES (5,'CAA','Q');
INSERT INTO gencode_codon_aa (gencode_id,codon,aa) VALUES (5,'CAG','Q');
INSERT INTO gencode_codon_aa (gencode_id,codon,aa) VALUES (5,'CGT','R');
INSERT INTO gencode_codon_aa (gencode_id,codon,aa) VALUES (5,'CGC','R');
INSERT INTO gencode_codon_aa (gencode_id,codon,aa) VALUES (5,'CGA','R');
INSERT INTO gencode_codon_aa (gencode_id,codon,aa) VALUES (5,'CGG','R');
INSERT INTO gencode_codon_aa (gencode_id,codon,aa) VALUES (5,'ATT','I');
INSERT INTO gencode_codon_aa (gencode_id,codon,aa) VALUES (5,'ATC','I');
INSERT INTO gencode_codon_aa (gencode_id,codon,aa) VALUES (5,'ATA','M');
INSERT INTO gencode_codon_aa (gencode_id,codon,aa) VALUES (5,'ATG','M');
INSERT INTO gencode_codon_aa (gencode_id,codon,aa) VALUES (5,'ACT','T');
INSERT INTO gencode_codon_aa (gencode_id,codon,aa) VALUES (5,'ACC','T');
INSERT INTO gencode_codon_aa (gencode_id,codon,aa) VALUES (5,'ACA','T');
INSERT INTO gencode_codon_aa (gencode_id,codon,aa) VALUES (5,'ACG','T');
INSERT INTO gencode_codon_aa (gencode_id,codon,aa) VALUES (5,'AAT','N');
INSERT INTO gencode_codon_aa (gencode_id,codon,aa) VALUES (5,'AAC','N');
INSERT INTO gencode_codon_aa (gencode_id,codon,aa) VALUES (5,'AAA','K');
INSERT INTO gencode_codon_aa (gencode_id,codon,aa) VALUES (5,'AAG','K');
INSERT INTO gencode_codon_aa (gencode_id,codon,aa) VALUES (5,'AGT','S');
INSERT INTO gencode_codon_aa (gencode_id,codon,aa) VALUES (5,'AGC','S');
INSERT INTO gencode_codon_aa (gencode_id,codon,aa) VALUES (5,'AGA','S');
INSERT INTO gencode_codon_aa (gencode_id,codon,aa) VALUES (5,'AGG','S');
INSERT INTO gencode_codon_aa (gencode_id,codon,aa) VALUES (5,'GTT','V');
INSERT INTO gencode_codon_aa (gencode_id,codon,aa) VALUES (5,'GTC','V');
INSERT INTO gencode_codon_aa (gencode_id,codon,aa) VALUES (5,'GTA','V');
INSERT INTO gencode_codon_aa (gencode_id,codon,aa) VALUES (5,'GTG','V');
INSERT INTO gencode_codon_aa (gencode_id,codon,aa) VALUES (5,'GCT','A');
INSERT INTO gencode_codon_aa (gencode_id,codon,aa) VALUES (5,'GCC','A');
INSERT INTO gencode_codon_aa (gencode_id,codon,aa) VALUES (5,'GCA','A');
INSERT INTO gencode_codon_aa (gencode_id,codon,aa) VALUES (5,'GCG','A');
INSERT INTO gencode_codon_aa (gencode_id,codon,aa) VALUES (5,'GAT','D');
INSERT INTO gencode_codon_aa (gencode_id,codon,aa) VALUES (5,'GAC','D');
INSERT INTO gencode_codon_aa (gencode_id,codon,aa) VALUES (5,'GAA','E');
INSERT INTO gencode_codon_aa (gencode_id,codon,aa) VALUES (5,'GAG','E');
INSERT INTO gencode_codon_aa (gencode_id,codon,aa) VALUES (5,'GGT','G');
INSERT INTO gencode_codon_aa (gencode_id,codon,aa) VALUES (5,'GGC','G');
INSERT INTO gencode_codon_aa (gencode_id,codon,aa) VALUES (5,'GGA','G');
INSERT INTO gencode_codon_aa (gencode_id,codon,aa) VALUES (5,'GGG','G');
INSERT INTO gencode_codon_aa (gencode_id,codon,aa) VALUES (6,'TTT','F');
INSERT INTO gencode_codon_aa (gencode_id,codon,aa) VALUES (6,'TTC','F');
INSERT INTO gencode_codon_aa (gencode_id,codon,aa) VALUES (6,'TTA','L');
INSERT INTO gencode_codon_aa (gencode_id,codon,aa) VALUES (6,'TTG','L');
INSERT INTO gencode_codon_aa (gencode_id,codon,aa) VALUES (6,'TCT','S');
INSERT INTO gencode_codon_aa (gencode_id,codon,aa) VALUES (6,'TCC','S');
INSERT INTO gencode_codon_aa (gencode_id,codon,aa) VALUES (6,'TCA','S');
INSERT INTO gencode_codon_aa (gencode_id,codon,aa) VALUES (6,'TCG','S');
INSERT INTO gencode_codon_aa (gencode_id,codon,aa) VALUES (6,'TAT','Y');
INSERT INTO gencode_codon_aa (gencode_id,codon,aa) VALUES (6,'TAC','Y');
INSERT INTO gencode_codon_aa (gencode_id,codon,aa) VALUES (6,'TAA','Q');
INSERT INTO gencode_codon_aa (gencode_id,codon,aa) VALUES (6,'TAG','Q');
INSERT INTO gencode_codon_aa (gencode_id,codon,aa) VALUES (6,'TGT','C');
INSERT INTO gencode_codon_aa (gencode_id,codon,aa) VALUES (6,'TGC','C');
INSERT INTO gencode_codon_aa (gencode_id,codon,aa) VALUES (6,'TGA','*');
INSERT INTO gencode_codon_aa (gencode_id,codon,aa) VALUES (6,'TGG','W');
INSERT INTO gencode_codon_aa (gencode_id,codon,aa) VALUES (6,'CTT','L');
INSERT INTO gencode_codon_aa (gencode_id,codon,aa) VALUES (6,'CTC','L');
INSERT INTO gencode_codon_aa (gencode_id,codon,aa) VALUES (6,'CTA','L');
INSERT INTO gencode_codon_aa (gencode_id,codon,aa) VALUES (6,'CTG','L');
INSERT INTO gencode_codon_aa (gencode_id,codon,aa) VALUES (6,'CCT','P');
INSERT INTO gencode_codon_aa (gencode_id,codon,aa) VALUES (6,'CCC','P');
INSERT INTO gencode_codon_aa (gencode_id,codon,aa) VALUES (6,'CCA','P');
INSERT INTO gencode_codon_aa (gencode_id,codon,aa) VALUES (6,'CCG','P');
INSERT INTO gencode_codon_aa (gencode_id,codon,aa) VALUES (6,'CAT','H');
INSERT INTO gencode_codon_aa (gencode_id,codon,aa) VALUES (6,'CAC','H');
INSERT INTO gencode_codon_aa (gencode_id,codon,aa) VALUES (6,'CAA','Q');
INSERT INTO gencode_codon_aa (gencode_id,codon,aa) VALUES (6,'CAG','Q');
INSERT INTO gencode_codon_aa (gencode_id,codon,aa) VALUES (6,'CGT','R');
INSERT INTO gencode_codon_aa (gencode_id,codon,aa) VALUES (6,'CGC','R');
INSERT INTO gencode_codon_aa (gencode_id,codon,aa) VALUES (6,'CGA','R');
INSERT INTO gencode_codon_aa (gencode_id,codon,aa) VALUES (6,'CGG','R');
INSERT INTO gencode_codon_aa (gencode_id,codon,aa) VALUES (6,'ATT','I');
INSERT INTO gencode_codon_aa (gencode_id,codon,aa) VALUES (6,'ATC','I');
INSERT INTO gencode_codon_aa (gencode_id,codon,aa) VALUES (6,'ATA','I');
INSERT INTO gencode_codon_aa (gencode_id,codon,aa) VALUES (6,'ATG','M');
INSERT INTO gencode_codon_aa (gencode_id,codon,aa) VALUES (6,'ACT','T');
INSERT INTO gencode_codon_aa (gencode_id,codon,aa) VALUES (6,'ACC','T');
INSERT INTO gencode_codon_aa (gencode_id,codon,aa) VALUES (6,'ACA','T');
INSERT INTO gencode_codon_aa (gencode_id,codon,aa) VALUES (6,'ACG','T');
INSERT INTO gencode_codon_aa (gencode_id,codon,aa) VALUES (6,'AAT','N');
INSERT INTO gencode_codon_aa (gencode_id,codon,aa) VALUES (6,'AAC','N');
INSERT INTO gencode_codon_aa (gencode_id,codon,aa) VALUES (6,'AAA','K');
INSERT INTO gencode_codon_aa (gencode_id,codon,aa) VALUES (6,'AAG','K');
INSERT INTO gencode_codon_aa (gencode_id,codon,aa) VALUES (6,'AGT','S');
INSERT INTO gencode_codon_aa (gencode_id,codon,aa) VALUES (6,'AGC','S');
INSERT INTO gencode_codon_aa (gencode_id,codon,aa) VALUES (6,'AGA','R');
INSERT INTO gencode_codon_aa (gencode_id,codon,aa) VALUES (6,'AGG','R');
INSERT INTO gencode_codon_aa (gencode_id,codon,aa) VALUES (6,'GTT','V');
INSERT INTO gencode_codon_aa (gencode_id,codon,aa) VALUES (6,'GTC','V');
INSERT INTO gencode_codon_aa (gencode_id,codon,aa) VALUES (6,'GTA','V');
INSERT INTO gencode_codon_aa (gencode_id,codon,aa) VALUES (6,'GTG','V');
INSERT INTO gencode_codon_aa (gencode_id,codon,aa) VALUES (6,'GCT','A');
INSERT INTO gencode_codon_aa (gencode_id,codon,aa) VALUES (6,'GCC','A');
INSERT INTO gencode_codon_aa (gencode_id,codon,aa) VALUES (6,'GCA','A');
INSERT INTO gencode_codon_aa (gencode_id,codon,aa) VALUES (6,'GCG','A');
INSERT INTO gencode_codon_aa (gencode_id,codon,aa) VALUES (6,'GAT','D');
INSERT INTO gencode_codon_aa (gencode_id,codon,aa) VALUES (6,'GAC','D');
INSERT INTO gencode_codon_aa (gencode_id,codon,aa) VALUES (6,'GAA','E');
INSERT INTO gencode_codon_aa (gencode_id,codon,aa) VALUES (6,'GAG','E');
INSERT INTO gencode_codon_aa (gencode_id,codon,aa) VALUES (6,'GGT','G');
INSERT INTO gencode_codon_aa (gencode_id,codon,aa) VALUES (6,'GGC','G');
INSERT INTO gencode_codon_aa (gencode_id,codon,aa) VALUES (6,'GGA','G');
INSERT INTO gencode_codon_aa (gencode_id,codon,aa) VALUES (6,'GGG','G');
INSERT INTO gencode_codon_aa (gencode_id,codon,aa) VALUES (9,'TTT','F');
INSERT INTO gencode_codon_aa (gencode_id,codon,aa) VALUES (9,'TTC','F');
INSERT INTO gencode_codon_aa (gencode_id,codon,aa) VALUES (9,'TTA','L');
INSERT INTO gencode_codon_aa (gencode_id,codon,aa) VALUES (9,'TTG','L');
INSERT INTO gencode_codon_aa (gencode_id,codon,aa) VALUES (9,'TCT','S');
INSERT INTO gencode_codon_aa (gencode_id,codon,aa) VALUES (9,'TCC','S');
INSERT INTO gencode_codon_aa (gencode_id,codon,aa) VALUES (9,'TCA','S');
INSERT INTO gencode_codon_aa (gencode_id,codon,aa) VALUES (9,'TCG','S');
INSERT INTO gencode_codon_aa (gencode_id,codon,aa) VALUES (9,'TAT','Y');
INSERT INTO gencode_codon_aa (gencode_id,codon,aa) VALUES (9,'TAC','Y');
INSERT INTO gencode_codon_aa (gencode_id,codon,aa) VALUES (9,'TAA','*');
INSERT INTO gencode_codon_aa (gencode_id,codon,aa) VALUES (9,'TAG','*');
INSERT INTO gencode_codon_aa (gencode_id,codon,aa) VALUES (9,'TGT','C');
INSERT INTO gencode_codon_aa (gencode_id,codon,aa) VALUES (9,'TGC','C');
INSERT INTO gencode_codon_aa (gencode_id,codon,aa) VALUES (9,'TGA','W');
INSERT INTO gencode_codon_aa (gencode_id,codon,aa) VALUES (9,'TGG','W');
INSERT INTO gencode_codon_aa (gencode_id,codon,aa) VALUES (9,'CTT','L');
INSERT INTO gencode_codon_aa (gencode_id,codon,aa) VALUES (9,'CTC','L');
INSERT INTO gencode_codon_aa (gencode_id,codon,aa) VALUES (9,'CTA','L');
INSERT INTO gencode_codon_aa (gencode_id,codon,aa) VALUES (9,'CTG','L');
INSERT INTO gencode_codon_aa (gencode_id,codon,aa) VALUES (9,'CCT','P');
INSERT INTO gencode_codon_aa (gencode_id,codon,aa) VALUES (9,'CCC','P');
INSERT INTO gencode_codon_aa (gencode_id,codon,aa) VALUES (9,'CCA','P');
INSERT INTO gencode_codon_aa (gencode_id,codon,aa) VALUES (9,'CCG','P');
INSERT INTO gencode_codon_aa (gencode_id,codon,aa) VALUES (9,'CAT','H');
INSERT INTO gencode_codon_aa (gencode_id,codon,aa) VALUES (9,'CAC','H');
INSERT INTO gencode_codon_aa (gencode_id,codon,aa) VALUES (9,'CAA','Q');
INSERT INTO gencode_codon_aa (gencode_id,codon,aa) VALUES (9,'CAG','Q');
INSERT INTO gencode_codon_aa (gencode_id,codon,aa) VALUES (9,'CGT','R');
INSERT INTO gencode_codon_aa (gencode_id,codon,aa) VALUES (9,'CGC','R');
INSERT INTO gencode_codon_aa (gencode_id,codon,aa) VALUES (9,'CGA','R');
INSERT INTO gencode_codon_aa (gencode_id,codon,aa) VALUES (9,'CGG','R');
INSERT INTO gencode_codon_aa (gencode_id,codon,aa) VALUES (9,'ATT','I');
INSERT INTO gencode_codon_aa (gencode_id,codon,aa) VALUES (9,'ATC','I');
INSERT INTO gencode_codon_aa (gencode_id,codon,aa) VALUES (9,'ATA','I');
INSERT INTO gencode_codon_aa (gencode_id,codon,aa) VALUES (9,'ATG','M');
INSERT INTO gencode_codon_aa (gencode_id,codon,aa) VALUES (9,'ACT','T');
INSERT INTO gencode_codon_aa (gencode_id,codon,aa) VALUES (9,'ACC','T');
INSERT INTO gencode_codon_aa (gencode_id,codon,aa) VALUES (9,'ACA','T');
INSERT INTO gencode_codon_aa (gencode_id,codon,aa) VALUES (9,'ACG','T');
INSERT INTO gencode_codon_aa (gencode_id,codon,aa) VALUES (9,'AAT','N');
INSERT INTO gencode_codon_aa (gencode_id,codon,aa) VALUES (9,'AAC','N');
INSERT INTO gencode_codon_aa (gencode_id,codon,aa) VALUES (9,'AAA','N');
INSERT INTO gencode_codon_aa (gencode_id,codon,aa) VALUES (9,'AAG','K');
INSERT INTO gencode_codon_aa (gencode_id,codon,aa) VALUES (9,'AGT','S');
INSERT INTO gencode_codon_aa (gencode_id,codon,aa) VALUES (9,'AGC','S');
INSERT INTO gencode_codon_aa (gencode_id,codon,aa) VALUES (9,'AGA','S');
INSERT INTO gencode_codon_aa (gencode_id,codon,aa) VALUES (9,'AGG','S');
INSERT INTO gencode_codon_aa (gencode_id,codon,aa) VALUES (9,'GTT','V');
INSERT INTO gencode_codon_aa (gencode_id,codon,aa) VALUES (9,'GTC','V');
INSERT INTO gencode_codon_aa (gencode_id,codon,aa) VALUES (9,'GTA','V');
INSERT INTO gencode_codon_aa (gencode_id,codon,aa) VALUES (9,'GTG','V');
INSERT INTO gencode_codon_aa (gencode_id,codon,aa) VALUES (9,'GCT','A');
INSERT INTO gencode_codon_aa (gencode_id,codon,aa) VALUES (9,'GCC','A');
INSERT INTO gencode_codon_aa (gencode_id,codon,aa) VALUES (9,'GCA','A');
INSERT INTO gencode_codon_aa (gencode_id,codon,aa) VALUES (9,'GCG','A');
INSERT INTO gencode_codon_aa (gencode_id,codon,aa) VALUES (9,'GAT','D');
INSERT INTO gencode_codon_aa (gencode_id,codon,aa) VALUES (9,'GAC','D');
INSERT INTO gencode_codon_aa (gencode_id,codon,aa) VALUES (9,'GAA','E');
INSERT INTO gencode_codon_aa (gencode_id,codon,aa) VALUES (9,'GAG','E');
INSERT INTO gencode_codon_aa (gencode_id,codon,aa) VALUES (9,'GGT','G');
INSERT INTO gencode_codon_aa (gencode_id,codon,aa) VALUES (9,'GGC','G');
INSERT INTO gencode_codon_aa (gencode_id,codon,aa) VALUES (9,'GGA','G');
INSERT INTO gencode_codon_aa (gencode_id,codon,aa) VALUES (9,'GGG','G');
INSERT INTO gencode_codon_aa (gencode_id,codon,aa) VALUES (10,'TTT','F');
INSERT INTO gencode_codon_aa (gencode_id,codon,aa) VALUES (10,'TTC','F');
INSERT INTO gencode_codon_aa (gencode_id,codon,aa) VALUES (10,'TTA','L');
INSERT INTO gencode_codon_aa (gencode_id,codon,aa) VALUES (10,'TTG','L');
INSERT INTO gencode_codon_aa (gencode_id,codon,aa) VALUES (10,'TCT','S');
INSERT INTO gencode_codon_aa (gencode_id,codon,aa) VALUES (10,'TCC','S');
INSERT INTO gencode_codon_aa (gencode_id,codon,aa) VALUES (10,'TCA','S');
INSERT INTO gencode_codon_aa (gencode_id,codon,aa) VALUES (10,'TCG','S');
INSERT INTO gencode_codon_aa (gencode_id,codon,aa) VALUES (10,'TAT','Y');
INSERT INTO gencode_codon_aa (gencode_id,codon,aa) VALUES (10,'TAC','Y');
INSERT INTO gencode_codon_aa (gencode_id,codon,aa) VALUES (10,'TAA','*');
INSERT INTO gencode_codon_aa (gencode_id,codon,aa) VALUES (10,'TAG','*');
INSERT INTO gencode_codon_aa (gencode_id,codon,aa) VALUES (10,'TGT','C');
INSERT INTO gencode_codon_aa (gencode_id,codon,aa) VALUES (10,'TGC','C');
INSERT INTO gencode_codon_aa (gencode_id,codon,aa) VALUES (10,'TGA','C');
INSERT INTO gencode_codon_aa (gencode_id,codon,aa) VALUES (10,'TGG','W');
INSERT INTO gencode_codon_aa (gencode_id,codon,aa) VALUES (10,'CTT','L');
INSERT INTO gencode_codon_aa (gencode_id,codon,aa) VALUES (10,'CTC','L');
INSERT INTO gencode_codon_aa (gencode_id,codon,aa) VALUES (10,'CTA','L');
INSERT INTO gencode_codon_aa (gencode_id,codon,aa) VALUES (10,'CTG','L');
INSERT INTO gencode_codon_aa (gencode_id,codon,aa) VALUES (10,'CCT','P');
INSERT INTO gencode_codon_aa (gencode_id,codon,aa) VALUES (10,'CCC','P');
INSERT INTO gencode_codon_aa (gencode_id,codon,aa) VALUES (10,'CCA','P');
INSERT INTO gencode_codon_aa (gencode_id,codon,aa) VALUES (10,'CCG','P');
INSERT INTO gencode_codon_aa (gencode_id,codon,aa) VALUES (10,'CAT','H');
INSERT INTO gencode_codon_aa (gencode_id,codon,aa) VALUES (10,'CAC','H');
INSERT INTO gencode_codon_aa (gencode_id,codon,aa) VALUES (10,'CAA','Q');
INSERT INTO gencode_codon_aa (gencode_id,codon,aa) VALUES (10,'CAG','Q');
INSERT INTO gencode_codon_aa (gencode_id,codon,aa) VALUES (10,'CGT','R');
INSERT INTO gencode_codon_aa (gencode_id,codon,aa) VALUES (10,'CGC','R');
INSERT INTO gencode_codon_aa (gencode_id,codon,aa) VALUES (10,'CGA','R');
INSERT INTO gencode_codon_aa (gencode_id,codon,aa) VALUES (10,'CGG','R');
INSERT INTO gencode_codon_aa (gencode_id,codon,aa) VALUES (10,'ATT','I');
INSERT INTO gencode_codon_aa (gencode_id,codon,aa) VALUES (10,'ATC','I');
INSERT INTO gencode_codon_aa (gencode_id,codon,aa) VALUES (10,'ATA','I');
INSERT INTO gencode_codon_aa (gencode_id,codon,aa) VALUES (10,'ATG','M');
INSERT INTO gencode_codon_aa (gencode_id,codon,aa) VALUES (10,'ACT','T');
INSERT INTO gencode_codon_aa (gencode_id,codon,aa) VALUES (10,'ACC','T');
INSERT INTO gencode_codon_aa (gencode_id,codon,aa) VALUES (10,'ACA','T');
INSERT INTO gencode_codon_aa (gencode_id,codon,aa) VALUES (10,'ACG','T');
INSERT INTO gencode_codon_aa (gencode_id,codon,aa) VALUES (10,'AAT','N');
INSERT INTO gencode_codon_aa (gencode_id,codon,aa) VALUES (10,'AAC','N');
INSERT INTO gencode_codon_aa (gencode_id,codon,aa) VALUES (10,'AAA','K');
INSERT INTO gencode_codon_aa (gencode_id,codon,aa) VALUES (10,'AAG','K');
INSERT INTO gencode_codon_aa (gencode_id,codon,aa) VALUES (10,'AGT','S');
INSERT INTO gencode_codon_aa (gencode_id,codon,aa) VALUES (10,'AGC','S');
INSERT INTO gencode_codon_aa (gencode_id,codon,aa) VALUES (10,'AGA','R');
INSERT INTO gencode_codon_aa (gencode_id,codon,aa) VALUES (10,'AGG','R');
INSERT INTO gencode_codon_aa (gencode_id,codon,aa) VALUES (10,'GTT','V');
INSERT INTO gencode_codon_aa (gencode_id,codon,aa) VALUES (10,'GTC','V');
INSERT INTO gencode_codon_aa (gencode_id,codon,aa) VALUES (10,'GTA','V');
INSERT INTO gencode_codon_aa (gencode_id,codon,aa) VALUES (10,'GTG','V');
INSERT INTO gencode_codon_aa (gencode_id,codon,aa) VALUES (10,'GCT','A');
INSERT INTO gencode_codon_aa (gencode_id,codon,aa) VALUES (10,'GCC','A');
INSERT INTO gencode_codon_aa (gencode_id,codon,aa) VALUES (10,'GCA','A');
INSERT INTO gencode_codon_aa (gencode_id,codon,aa) VALUES (10,'GCG','A');
INSERT INTO gencode_codon_aa (gencode_id,codon,aa) VALUES (10,'GAT','D');
INSERT INTO gencode_codon_aa (gencode_id,codon,aa) VALUES (10,'GAC','D');
INSERT INTO gencode_codon_aa (gencode_id,codon,aa) VALUES (10,'GAA','E');
INSERT INTO gencode_codon_aa (gencode_id,codon,aa) VALUES (10,'GAG','E');
INSERT INTO gencode_codon_aa (gencode_id,codon,aa) VALUES (10,'GGT','G');
INSERT INTO gencode_codon_aa (gencode_id,codon,aa) VALUES (10,'GGC','G');
INSERT INTO gencode_codon_aa (gencode_id,codon,aa) VALUES (10,'GGA','G');
INSERT INTO gencode_codon_aa (gencode_id,codon,aa) VALUES (10,'GGG','G');
INSERT INTO gencode_codon_aa (gencode_id,codon,aa) VALUES (11,'TTT','F');
INSERT INTO gencode_codon_aa (gencode_id,codon,aa) VALUES (11,'TTC','F');
INSERT INTO gencode_codon_aa (gencode_id,codon,aa) VALUES (11,'TTA','L');
INSERT INTO gencode_codon_aa (gencode_id,codon,aa) VALUES (11,'TTG','L');
INSERT INTO gencode_codon_aa (gencode_id,codon,aa) VALUES (11,'TCT','S');
INSERT INTO gencode_codon_aa (gencode_id,codon,aa) VALUES (11,'TCC','S');
INSERT INTO gencode_codon_aa (gencode_id,codon,aa) VALUES (11,'TCA','S');
INSERT INTO gencode_codon_aa (gencode_id,codon,aa) VALUES (11,'TCG','S');
INSERT INTO gencode_codon_aa (gencode_id,codon,aa) VALUES (11,'TAT','Y');
INSERT INTO gencode_codon_aa (gencode_id,codon,aa) VALUES (11,'TAC','Y');
INSERT INTO gencode_codon_aa (gencode_id,codon,aa) VALUES (11,'TAA','*');
INSERT INTO gencode_codon_aa (gencode_id,codon,aa) VALUES (11,'TAG','*');
INSERT INTO gencode_codon_aa (gencode_id,codon,aa) VALUES (11,'TGT','C');
INSERT INTO gencode_codon_aa (gencode_id,codon,aa) VALUES (11,'TGC','C');
INSERT INTO gencode_codon_aa (gencode_id,codon,aa) VALUES (11,'TGA','*');
INSERT INTO gencode_codon_aa (gencode_id,codon,aa) VALUES (11,'TGG','W');
INSERT INTO gencode_codon_aa (gencode_id,codon,aa) VALUES (11,'CTT','L');
INSERT INTO gencode_codon_aa (gencode_id,codon,aa) VALUES (11,'CTC','L');
INSERT INTO gencode_codon_aa (gencode_id,codon,aa) VALUES (11,'CTA','L');
INSERT INTO gencode_codon_aa (gencode_id,codon,aa) VALUES (11,'CTG','L');
INSERT INTO gencode_codon_aa (gencode_id,codon,aa) VALUES (11,'CCT','P');
INSERT INTO gencode_codon_aa (gencode_id,codon,aa) VALUES (11,'CCC','P');
INSERT INTO gencode_codon_aa (gencode_id,codon,aa) VALUES (11,'CCA','P');
INSERT INTO gencode_codon_aa (gencode_id,codon,aa) VALUES (11,'CCG','P');
INSERT INTO gencode_codon_aa (gencode_id,codon,aa) VALUES (11,'CAT','H');
INSERT INTO gencode_codon_aa (gencode_id,codon,aa) VALUES (11,'CAC','H');
INSERT INTO gencode_codon_aa (gencode_id,codon,aa) VALUES (11,'CAA','Q');
INSERT INTO gencode_codon_aa (gencode_id,codon,aa) VALUES (11,'CAG','Q');
INSERT INTO gencode_codon_aa (gencode_id,codon,aa) VALUES (11,'CGT','R');
INSERT INTO gencode_codon_aa (gencode_id,codon,aa) VALUES (11,'CGC','R');
INSERT INTO gencode_codon_aa (gencode_id,codon,aa) VALUES (11,'CGA','R');
INSERT INTO gencode_codon_aa (gencode_id,codon,aa) VALUES (11,'CGG','R');
INSERT INTO gencode_codon_aa (gencode_id,codon,aa) VALUES (11,'ATT','I');
INSERT INTO gencode_codon_aa (gencode_id,codon,aa) VALUES (11,'ATC','I');
INSERT INTO gencode_codon_aa (gencode_id,codon,aa) VALUES (11,'ATA','I');
INSERT INTO gencode_codon_aa (gencode_id,codon,aa) VALUES (11,'ATG','M');
INSERT INTO gencode_codon_aa (gencode_id,codon,aa) VALUES (11,'ACT','T');
INSERT INTO gencode_codon_aa (gencode_id,codon,aa) VALUES (11,'ACC','T');
INSERT INTO gencode_codon_aa (gencode_id,codon,aa) VALUES (11,'ACA','T');
INSERT INTO gencode_codon_aa (gencode_id,codon,aa) VALUES (11,'ACG','T');
INSERT INTO gencode_codon_aa (gencode_id,codon,aa) VALUES (11,'AAT','N');
INSERT INTO gencode_codon_aa (gencode_id,codon,aa) VALUES (11,'AAC','N');
INSERT INTO gencode_codon_aa (gencode_id,codon,aa) VALUES (11,'AAA','K');
INSERT INTO gencode_codon_aa (gencode_id,codon,aa) VALUES (11,'AAG','K');
INSERT INTO gencode_codon_aa (gencode_id,codon,aa) VALUES (11,'AGT','S');
INSERT INTO gencode_codon_aa (gencode_id,codon,aa) VALUES (11,'AGC','S');
INSERT INTO gencode_codon_aa (gencode_id,codon,aa) VALUES (11,'AGA','R');
INSERT INTO gencode_codon_aa (gencode_id,codon,aa) VALUES (11,'AGG','R');
INSERT INTO gencode_codon_aa (gencode_id,codon,aa) VALUES (11,'GTT','V');
INSERT INTO gencode_codon_aa (gencode_id,codon,aa) VALUES (11,'GTC','V');
INSERT INTO gencode_codon_aa (gencode_id,codon,aa) VALUES (11,'GTA','V');
INSERT INTO gencode_codon_aa (gencode_id,codon,aa) VALUES (11,'GTG','V');
INSERT INTO gencode_codon_aa (gencode_id,codon,aa) VALUES (11,'GCT','A');
INSERT INTO gencode_codon_aa (gencode_id,codon,aa) VALUES (11,'GCC','A');
INSERT INTO gencode_codon_aa (gencode_id,codon,aa) VALUES (11,'GCA','A');
INSERT INTO gencode_codon_aa (gencode_id,codon,aa) VALUES (11,'GCG','A');
INSERT INTO gencode_codon_aa (gencode_id,codon,aa) VALUES (11,'GAT','D');
INSERT INTO gencode_codon_aa (gencode_id,codon,aa) VALUES (11,'GAC','D');
INSERT INTO gencode_codon_aa (gencode_id,codon,aa) VALUES (11,'GAA','E');
INSERT INTO gencode_codon_aa (gencode_id,codon,aa) VALUES (11,'GAG','E');
INSERT INTO gencode_codon_aa (gencode_id,codon,aa) VALUES (11,'GGT','G');
INSERT INTO gencode_codon_aa (gencode_id,codon,aa) VALUES (11,'GGC','G');
INSERT INTO gencode_codon_aa (gencode_id,codon,aa) VALUES (11,'GGA','G');
INSERT INTO gencode_codon_aa (gencode_id,codon,aa) VALUES (11,'GGG','G');
INSERT INTO gencode_codon_aa (gencode_id,codon,aa) VALUES (12,'TTT','F');
INSERT INTO gencode_codon_aa (gencode_id,codon,aa) VALUES (12,'TTC','F');
INSERT INTO gencode_codon_aa (gencode_id,codon,aa) VALUES (12,'TTA','L');
INSERT INTO gencode_codon_aa (gencode_id,codon,aa) VALUES (12,'TTG','L');
INSERT INTO gencode_codon_aa (gencode_id,codon,aa) VALUES (12,'TCT','S');
INSERT INTO gencode_codon_aa (gencode_id,codon,aa) VALUES (12,'TCC','S');
INSERT INTO gencode_codon_aa (gencode_id,codon,aa) VALUES (12,'TCA','S');
INSERT INTO gencode_codon_aa (gencode_id,codon,aa) VALUES (12,'TCG','S');
INSERT INTO gencode_codon_aa (gencode_id,codon,aa) VALUES (12,'TAT','Y');
INSERT INTO gencode_codon_aa (gencode_id,codon,aa) VALUES (12,'TAC','Y');
INSERT INTO gencode_codon_aa (gencode_id,codon,aa) VALUES (12,'TAA','*');
INSERT INTO gencode_codon_aa (gencode_id,codon,aa) VALUES (12,'TAG','*');
INSERT INTO gencode_codon_aa (gencode_id,codon,aa) VALUES (12,'TGT','C');
INSERT INTO gencode_codon_aa (gencode_id,codon,aa) VALUES (12,'TGC','C');
INSERT INTO gencode_codon_aa (gencode_id,codon,aa) VALUES (12,'TGA','*');
INSERT INTO gencode_codon_aa (gencode_id,codon,aa) VALUES (12,'TGG','W');
INSERT INTO gencode_codon_aa (gencode_id,codon,aa) VALUES (12,'CTT','L');
INSERT INTO gencode_codon_aa (gencode_id,codon,aa) VALUES (12,'CTC','L');
INSERT INTO gencode_codon_aa (gencode_id,codon,aa) VALUES (12,'CTA','L');
INSERT INTO gencode_codon_aa (gencode_id,codon,aa) VALUES (12,'CTG','S');
INSERT INTO gencode_codon_aa (gencode_id,codon,aa) VALUES (12,'CCT','P');
INSERT INTO gencode_codon_aa (gencode_id,codon,aa) VALUES (12,'CCC','P');
INSERT INTO gencode_codon_aa (gencode_id,codon,aa) VALUES (12,'CCA','P');
INSERT INTO gencode_codon_aa (gencode_id,codon,aa) VALUES (12,'CCG','P');
INSERT INTO gencode_codon_aa (gencode_id,codon,aa) VALUES (12,'CAT','H');
INSERT INTO gencode_codon_aa (gencode_id,codon,aa) VALUES (12,'CAC','H');
INSERT INTO gencode_codon_aa (gencode_id,codon,aa) VALUES (12,'CAA','Q');
INSERT INTO gencode_codon_aa (gencode_id,codon,aa) VALUES (12,'CAG','Q');
INSERT INTO gencode_codon_aa (gencode_id,codon,aa) VALUES (12,'CGT','R');
INSERT INTO gencode_codon_aa (gencode_id,codon,aa) VALUES (12,'CGC','R');
INSERT INTO gencode_codon_aa (gencode_id,codon,aa) VALUES (12,'CGA','R');
INSERT INTO gencode_codon_aa (gencode_id,codon,aa) VALUES (12,'CGG','R');
INSERT INTO gencode_codon_aa (gencode_id,codon,aa) VALUES (12,'ATT','I');
INSERT INTO gencode_codon_aa (gencode_id,codon,aa) VALUES (12,'ATC','I');
INSERT INTO gencode_codon_aa (gencode_id,codon,aa) VALUES (12,'ATA','I');
INSERT INTO gencode_codon_aa (gencode_id,codon,aa) VALUES (12,'ATG','M');
INSERT INTO gencode_codon_aa (gencode_id,codon,aa) VALUES (12,'ACT','T');
INSERT INTO gencode_codon_aa (gencode_id,codon,aa) VALUES (12,'ACC','T');
INSERT INTO gencode_codon_aa (gencode_id,codon,aa) VALUES (12,'ACA','T');
INSERT INTO gencode_codon_aa (gencode_id,codon,aa) VALUES (12,'ACG','T');
INSERT INTO gencode_codon_aa (gencode_id,codon,aa) VALUES (12,'AAT','N');
INSERT INTO gencode_codon_aa (gencode_id,codon,aa) VALUES (12,'AAC','N');
INSERT INTO gencode_codon_aa (gencode_id,codon,aa) VALUES (12,'AAA','K');
INSERT INTO gencode_codon_aa (gencode_id,codon,aa) VALUES (12,'AAG','K');
INSERT INTO gencode_codon_aa (gencode_id,codon,aa) VALUES (12,'AGT','S');
INSERT INTO gencode_codon_aa (gencode_id,codon,aa) VALUES (12,'AGC','S');
INSERT INTO gencode_codon_aa (gencode_id,codon,aa) VALUES (12,'AGA','R');
INSERT INTO gencode_codon_aa (gencode_id,codon,aa) VALUES (12,'AGG','R');
INSERT INTO gencode_codon_aa (gencode_id,codon,aa) VALUES (12,'GTT','V');
INSERT INTO gencode_codon_aa (gencode_id,codon,aa) VALUES (12,'GTC','V');
INSERT INTO gencode_codon_aa (gencode_id,codon,aa) VALUES (12,'GTA','V');
INSERT INTO gencode_codon_aa (gencode_id,codon,aa) VALUES (12,'GTG','V');
INSERT INTO gencode_codon_aa (gencode_id,codon,aa) VALUES (12,'GCT','A');
INSERT INTO gencode_codon_aa (gencode_id,codon,aa) VALUES (12,'GCC','A');
INSERT INTO gencode_codon_aa (gencode_id,codon,aa) VALUES (12,'GCA','A');
INSERT INTO gencode_codon_aa (gencode_id,codon,aa) VALUES (12,'GCG','A');
INSERT INTO gencode_codon_aa (gencode_id,codon,aa) VALUES (12,'GAT','D');
INSERT INTO gencode_codon_aa (gencode_id,codon,aa) VALUES (12,'GAC','D');
INSERT INTO gencode_codon_aa (gencode_id,codon,aa) VALUES (12,'GAA','E');
INSERT INTO gencode_codon_aa (gencode_id,codon,aa) VALUES (12,'GAG','E');
INSERT INTO gencode_codon_aa (gencode_id,codon,aa) VALUES (12,'GGT','G');
INSERT INTO gencode_codon_aa (gencode_id,codon,aa) VALUES (12,'GGC','G');
INSERT INTO gencode_codon_aa (gencode_id,codon,aa) VALUES (12,'GGA','G');
INSERT INTO gencode_codon_aa (gencode_id,codon,aa) VALUES (12,'GGG','G');
INSERT INTO gencode_codon_aa (gencode_id,codon,aa) VALUES (13,'TTT','F');
INSERT INTO gencode_codon_aa (gencode_id,codon,aa) VALUES (13,'TTC','F');
INSERT INTO gencode_codon_aa (gencode_id,codon,aa) VALUES (13,'TTA','L');
INSERT INTO gencode_codon_aa (gencode_id,codon,aa) VALUES (13,'TTG','L');
INSERT INTO gencode_codon_aa (gencode_id,codon,aa) VALUES (13,'TCT','S');
INSERT INTO gencode_codon_aa (gencode_id,codon,aa) VALUES (13,'TCC','S');
INSERT INTO gencode_codon_aa (gencode_id,codon,aa) VALUES (13,'TCA','S');
INSERT INTO gencode_codon_aa (gencode_id,codon,aa) VALUES (13,'TCG','S');
INSERT INTO gencode_codon_aa (gencode_id,codon,aa) VALUES (13,'TAT','Y');
INSERT INTO gencode_codon_aa (gencode_id,codon,aa) VALUES (13,'TAC','Y');
INSERT INTO gencode_codon_aa (gencode_id,codon,aa) VALUES (13,'TAA','*');
INSERT INTO gencode_codon_aa (gencode_id,codon,aa) VALUES (13,'TAG','*');
INSERT INTO gencode_codon_aa (gencode_id,codon,aa) VALUES (13,'TGT','C');
INSERT INTO gencode_codon_aa (gencode_id,codon,aa) VALUES (13,'TGC','C');
INSERT INTO gencode_codon_aa (gencode_id,codon,aa) VALUES (13,'TGA','W');
INSERT INTO gencode_codon_aa (gencode_id,codon,aa) VALUES (13,'TGG','W');
INSERT INTO gencode_codon_aa (gencode_id,codon,aa) VALUES (13,'CTT','L');
INSERT INTO gencode_codon_aa (gencode_id,codon,aa) VALUES (13,'CTC','L');
INSERT INTO gencode_codon_aa (gencode_id,codon,aa) VALUES (13,'CTA','L');
INSERT INTO gencode_codon_aa (gencode_id,codon,aa) VALUES (13,'CTG','L');
INSERT INTO gencode_codon_aa (gencode_id,codon,aa) VALUES (13,'CCT','P');
INSERT INTO gencode_codon_aa (gencode_id,codon,aa) VALUES (13,'CCC','P');
INSERT INTO gencode_codon_aa (gencode_id,codon,aa) VALUES (13,'CCA','P');
INSERT INTO gencode_codon_aa (gencode_id,codon,aa) VALUES (13,'CCG','P');
INSERT INTO gencode_codon_aa (gencode_id,codon,aa) VALUES (13,'CAT','H');
INSERT INTO gencode_codon_aa (gencode_id,codon,aa) VALUES (13,'CAC','H');
INSERT INTO gencode_codon_aa (gencode_id,codon,aa) VALUES (13,'CAA','Q');
INSERT INTO gencode_codon_aa (gencode_id,codon,aa) VALUES (13,'CAG','Q');
INSERT INTO gencode_codon_aa (gencode_id,codon,aa) VALUES (13,'CGT','R');
INSERT INTO gencode_codon_aa (gencode_id,codon,aa) VALUES (13,'CGC','R');
INSERT INTO gencode_codon_aa (gencode_id,codon,aa) VALUES (13,'CGA','R');
INSERT INTO gencode_codon_aa (gencode_id,codon,aa) VALUES (13,'CGG','R');
INSERT INTO gencode_codon_aa (gencode_id,codon,aa) VALUES (13,'ATT','I');
INSERT INTO gencode_codon_aa (gencode_id,codon,aa) VALUES (13,'ATC','I');
INSERT INTO gencode_codon_aa (gencode_id,codon,aa) VALUES (13,'ATA','M');
INSERT INTO gencode_codon_aa (gencode_id,codon,aa) VALUES (13,'ATG','M');
INSERT INTO gencode_codon_aa (gencode_id,codon,aa) VALUES (13,'ACT','T');
INSERT INTO gencode_codon_aa (gencode_id,codon,aa) VALUES (13,'ACC','T');
INSERT INTO gencode_codon_aa (gencode_id,codon,aa) VALUES (13,'ACA','T');
INSERT INTO gencode_codon_aa (gencode_id,codon,aa) VALUES (13,'ACG','T');
INSERT INTO gencode_codon_aa (gencode_id,codon,aa) VALUES (13,'AAT','N');
INSERT INTO gencode_codon_aa (gencode_id,codon,aa) VALUES (13,'AAC','N');
INSERT INTO gencode_codon_aa (gencode_id,codon,aa) VALUES (13,'AAA','K');
INSERT INTO gencode_codon_aa (gencode_id,codon,aa) VALUES (13,'AAG','K');
INSERT INTO gencode_codon_aa (gencode_id,codon,aa) VALUES (13,'AGT','S');
INSERT INTO gencode_codon_aa (gencode_id,codon,aa) VALUES (13,'AGC','S');
INSERT INTO gencode_codon_aa (gencode_id,codon,aa) VALUES (13,'AGA','G');
INSERT INTO gencode_codon_aa (gencode_id,codon,aa) VALUES (13,'AGG','G');
INSERT INTO gencode_codon_aa (gencode_id,codon,aa) VALUES (13,'GTT','V');
INSERT INTO gencode_codon_aa (gencode_id,codon,aa) VALUES (13,'GTC','V');
INSERT INTO gencode_codon_aa (gencode_id,codon,aa) VALUES (13,'GTA','V');
INSERT INTO gencode_codon_aa (gencode_id,codon,aa) VALUES (13,'GTG','V');
INSERT INTO gencode_codon_aa (gencode_id,codon,aa) VALUES (13,'GCT','A');
INSERT INTO gencode_codon_aa (gencode_id,codon,aa) VALUES (13,'GCC','A');
INSERT INTO gencode_codon_aa (gencode_id,codon,aa) VALUES (13,'GCA','A');
INSERT INTO gencode_codon_aa (gencode_id,codon,aa) VALUES (13,'GCG','A');
INSERT INTO gencode_codon_aa (gencode_id,codon,aa) VALUES (13,'GAT','D');
INSERT INTO gencode_codon_aa (gencode_id,codon,aa) VALUES (13,'GAC','D');
INSERT INTO gencode_codon_aa (gencode_id,codon,aa) VALUES (13,'GAA','E');
INSERT INTO gencode_codon_aa (gencode_id,codon,aa) VALUES (13,'GAG','E');
INSERT INTO gencode_codon_aa (gencode_id,codon,aa) VALUES (13,'GGT','G');
INSERT INTO gencode_codon_aa (gencode_id,codon,aa) VALUES (13,'GGC','G');
INSERT INTO gencode_codon_aa (gencode_id,codon,aa) VALUES (13,'GGA','G');
INSERT INTO gencode_codon_aa (gencode_id,codon,aa) VALUES (13,'GGG','G');
INSERT INTO gencode_codon_aa (gencode_id,codon,aa) VALUES (14,'TTT','F');
INSERT INTO gencode_codon_aa (gencode_id,codon,aa) VALUES (14,'TTC','F');
INSERT INTO gencode_codon_aa (gencode_id,codon,aa) VALUES (14,'TTA','L');
INSERT INTO gencode_codon_aa (gencode_id,codon,aa) VALUES (14,'TTG','L');
INSERT INTO gencode_codon_aa (gencode_id,codon,aa) VALUES (14,'TCT','S');
INSERT INTO gencode_codon_aa (gencode_id,codon,aa) VALUES (14,'TCC','S');
INSERT INTO gencode_codon_aa (gencode_id,codon,aa) VALUES (14,'TCA','S');
INSERT INTO gencode_codon_aa (gencode_id,codon,aa) VALUES (14,'TCG','S');
INSERT INTO gencode_codon_aa (gencode_id,codon,aa) VALUES (14,'TAT','Y');
INSERT INTO gencode_codon_aa (gencode_id,codon,aa) VALUES (14,'TAC','Y');
INSERT INTO gencode_codon_aa (gencode_id,codon,aa) VALUES (14,'TAA','Y');
INSERT INTO gencode_codon_aa (gencode_id,codon,aa) VALUES (14,'TAG','*');
INSERT INTO gencode_codon_aa (gencode_id,codon,aa) VALUES (14,'TGT','C');
INSERT INTO gencode_codon_aa (gencode_id,codon,aa) VALUES (14,'TGC','C');
INSERT INTO gencode_codon_aa (gencode_id,codon,aa) VALUES (14,'TGA','W');
INSERT INTO gencode_codon_aa (gencode_id,codon,aa) VALUES (14,'TGG','W');
INSERT INTO gencode_codon_aa (gencode_id,codon,aa) VALUES (14,'CTT','L');
INSERT INTO gencode_codon_aa (gencode_id,codon,aa) VALUES (14,'CTC','L');
INSERT INTO gencode_codon_aa (gencode_id,codon,aa) VALUES (14,'CTA','L');
INSERT INTO gencode_codon_aa (gencode_id,codon,aa) VALUES (14,'CTG','L');
INSERT INTO gencode_codon_aa (gencode_id,codon,aa) VALUES (14,'CCT','P');
INSERT INTO gencode_codon_aa (gencode_id,codon,aa) VALUES (14,'CCC','P');
INSERT INTO gencode_codon_aa (gencode_id,codon,aa) VALUES (14,'CCA','P');
INSERT INTO gencode_codon_aa (gencode_id,codon,aa) VALUES (14,'CCG','P');
INSERT INTO gencode_codon_aa (gencode_id,codon,aa) VALUES (14,'CAT','H');
INSERT INTO gencode_codon_aa (gencode_id,codon,aa) VALUES (14,'CAC','H');
INSERT INTO gencode_codon_aa (gencode_id,codon,aa) VALUES (14,'CAA','Q');
INSERT INTO gencode_codon_aa (gencode_id,codon,aa) VALUES (14,'CAG','Q');
INSERT INTO gencode_codon_aa (gencode_id,codon,aa) VALUES (14,'CGT','R');
INSERT INTO gencode_codon_aa (gencode_id,codon,aa) VALUES (14,'CGC','R');
INSERT INTO gencode_codon_aa (gencode_id,codon,aa) VALUES (14,'CGA','R');
INSERT INTO gencode_codon_aa (gencode_id,codon,aa) VALUES (14,'CGG','R');
INSERT INTO gencode_codon_aa (gencode_id,codon,aa) VALUES (14,'ATT','I');
INSERT INTO gencode_codon_aa (gencode_id,codon,aa) VALUES (14,'ATC','I');
INSERT INTO gencode_codon_aa (gencode_id,codon,aa) VALUES (14,'ATA','I');
INSERT INTO gencode_codon_aa (gencode_id,codon,aa) VALUES (14,'ATG','M');
INSERT INTO gencode_codon_aa (gencode_id,codon,aa) VALUES (14,'ACT','T');
INSERT INTO gencode_codon_aa (gencode_id,codon,aa) VALUES (14,'ACC','T');
INSERT INTO gencode_codon_aa (gencode_id,codon,aa) VALUES (14,'ACA','T');
INSERT INTO gencode_codon_aa (gencode_id,codon,aa) VALUES (14,'ACG','T');
INSERT INTO gencode_codon_aa (gencode_id,codon,aa) VALUES (14,'AAT','N');
INSERT INTO gencode_codon_aa (gencode_id,codon,aa) VALUES (14,'AAC','N');
INSERT INTO gencode_codon_aa (gencode_id,codon,aa) VALUES (14,'AAA','N');
INSERT INTO gencode_codon_aa (gencode_id,codon,aa) VALUES (14,'AAG','K');
INSERT INTO gencode_codon_aa (gencode_id,codon,aa) VALUES (14,'AGT','S');
INSERT INTO gencode_codon_aa (gencode_id,codon,aa) VALUES (14,'AGC','S');
INSERT INTO gencode_codon_aa (gencode_id,codon,aa) VALUES (14,'AGA','S');
INSERT INTO gencode_codon_aa (gencode_id,codon,aa) VALUES (14,'AGG','S');
INSERT INTO gencode_codon_aa (gencode_id,codon,aa) VALUES (14,'GTT','V');
INSERT INTO gencode_codon_aa (gencode_id,codon,aa) VALUES (14,'GTC','V');
INSERT INTO gencode_codon_aa (gencode_id,codon,aa) VALUES (14,'GTA','V');
INSERT INTO gencode_codon_aa (gencode_id,codon,aa) VALUES (14,'GTG','V');
INSERT INTO gencode_codon_aa (gencode_id,codon,aa) VALUES (14,'GCT','A');
INSERT INTO gencode_codon_aa (gencode_id,codon,aa) VALUES (14,'GCC','A');
INSERT INTO gencode_codon_aa (gencode_id,codon,aa) VALUES (14,'GCA','A');
INSERT INTO gencode_codon_aa (gencode_id,codon,aa) VALUES (14,'GCG','A');
INSERT INTO gencode_codon_aa (gencode_id,codon,aa) VALUES (14,'GAT','D');
INSERT INTO gencode_codon_aa (gencode_id,codon,aa) VALUES (14,'GAC','D');
INSERT INTO gencode_codon_aa (gencode_id,codon,aa) VALUES (14,'GAA','E');
INSERT INTO gencode_codon_aa (gencode_id,codon,aa) VALUES (14,'GAG','E');
INSERT INTO gencode_codon_aa (gencode_id,codon,aa) VALUES (14,'GGT','G');
INSERT INTO gencode_codon_aa (gencode_id,codon,aa) VALUES (14,'GGC','G');
INSERT INTO gencode_codon_aa (gencode_id,codon,aa) VALUES (14,'GGA','G');
INSERT INTO gencode_codon_aa (gencode_id,codon,aa) VALUES (14,'GGG','G');
INSERT INTO gencode_codon_aa (gencode_id,codon,aa) VALUES (15,'TTT','F');
INSERT INTO gencode_codon_aa (gencode_id,codon,aa) VALUES (15,'TTC','F');
INSERT INTO gencode_codon_aa (gencode_id,codon,aa) VALUES (15,'TTA','L');
INSERT INTO gencode_codon_aa (gencode_id,codon,aa) VALUES (15,'TTG','L');
INSERT INTO gencode_codon_aa (gencode_id,codon,aa) VALUES (15,'TCT','S');
INSERT INTO gencode_codon_aa (gencode_id,codon,aa) VALUES (15,'TCC','S');
INSERT INTO gencode_codon_aa (gencode_id,codon,aa) VALUES (15,'TCA','S');
INSERT INTO gencode_codon_aa (gencode_id,codon,aa) VALUES (15,'TCG','S');
INSERT INTO gencode_codon_aa (gencode_id,codon,aa) VALUES (15,'TAT','Y');
INSERT INTO gencode_codon_aa (gencode_id,codon,aa) VALUES (15,'TAC','Y');
INSERT INTO gencode_codon_aa (gencode_id,codon,aa) VALUES (15,'TAA','*');
INSERT INTO gencode_codon_aa (gencode_id,codon,aa) VALUES (15,'TAG','Q');
INSERT INTO gencode_codon_aa (gencode_id,codon,aa) VALUES (15,'TGT','C');
INSERT INTO gencode_codon_aa (gencode_id,codon,aa) VALUES (15,'TGC','C');
INSERT INTO gencode_codon_aa (gencode_id,codon,aa) VALUES (15,'TGA','*');
INSERT INTO gencode_codon_aa (gencode_id,codon,aa) VALUES (15,'TGG','W');
INSERT INTO gencode_codon_aa (gencode_id,codon,aa) VALUES (15,'CTT','L');
INSERT INTO gencode_codon_aa (gencode_id,codon,aa) VALUES (15,'CTC','L');
INSERT INTO gencode_codon_aa (gencode_id,codon,aa) VALUES (15,'CTA','L');
INSERT INTO gencode_codon_aa (gencode_id,codon,aa) VALUES (15,'CTG','L');
INSERT INTO gencode_codon_aa (gencode_id,codon,aa) VALUES (15,'CCT','P');
INSERT INTO gencode_codon_aa (gencode_id,codon,aa) VALUES (15,'CCC','P');
INSERT INTO gencode_codon_aa (gencode_id,codon,aa) VALUES (15,'CCA','P');
INSERT INTO gencode_codon_aa (gencode_id,codon,aa) VALUES (15,'CCG','P');
INSERT INTO gencode_codon_aa (gencode_id,codon,aa) VALUES (15,'CAT','H');
INSERT INTO gencode_codon_aa (gencode_id,codon,aa) VALUES (15,'CAC','H');
INSERT INTO gencode_codon_aa (gencode_id,codon,aa) VALUES (15,'CAA','Q');
INSERT INTO gencode_codon_aa (gencode_id,codon,aa) VALUES (15,'CAG','Q');
INSERT INTO gencode_codon_aa (gencode_id,codon,aa) VALUES (15,'CGT','R');
INSERT INTO gencode_codon_aa (gencode_id,codon,aa) VALUES (15,'CGC','R');
INSERT INTO gencode_codon_aa (gencode_id,codon,aa) VALUES (15,'CGA','R');
INSERT INTO gencode_codon_aa (gencode_id,codon,aa) VALUES (15,'CGG','R');
INSERT INTO gencode_codon_aa (gencode_id,codon,aa) VALUES (15,'ATT','I');
INSERT INTO gencode_codon_aa (gencode_id,codon,aa) VALUES (15,'ATC','I');
INSERT INTO gencode_codon_aa (gencode_id,codon,aa) VALUES (15,'ATA','I');
INSERT INTO gencode_codon_aa (gencode_id,codon,aa) VALUES (15,'ATG','M');
INSERT INTO gencode_codon_aa (gencode_id,codon,aa) VALUES (15,'ACT','T');
INSERT INTO gencode_codon_aa (gencode_id,codon,aa) VALUES (15,'ACC','T');
INSERT INTO gencode_codon_aa (gencode_id,codon,aa) VALUES (15,'ACA','T');
INSERT INTO gencode_codon_aa (gencode_id,codon,aa) VALUES (15,'ACG','T');
INSERT INTO gencode_codon_aa (gencode_id,codon,aa) VALUES (15,'AAT','N');
INSERT INTO gencode_codon_aa (gencode_id,codon,aa) VALUES (15,'AAC','N');
INSERT INTO gencode_codon_aa (gencode_id,codon,aa) VALUES (15,'AAA','K');
INSERT INTO gencode_codon_aa (gencode_id,codon,aa) VALUES (15,'AAG','K');
INSERT INTO gencode_codon_aa (gencode_id,codon,aa) VALUES (15,'AGT','S');
INSERT INTO gencode_codon_aa (gencode_id,codon,aa) VALUES (15,'AGC','S');
INSERT INTO gencode_codon_aa (gencode_id,codon,aa) VALUES (15,'AGA','R');
INSERT INTO gencode_codon_aa (gencode_id,codon,aa) VALUES (15,'AGG','R');
INSERT INTO gencode_codon_aa (gencode_id,codon,aa) VALUES (15,'GTT','V');
INSERT INTO gencode_codon_aa (gencode_id,codon,aa) VALUES (15,'GTC','V');
INSERT INTO gencode_codon_aa (gencode_id,codon,aa) VALUES (15,'GTA','V');
INSERT INTO gencode_codon_aa (gencode_id,codon,aa) VALUES (15,'GTG','V');
INSERT INTO gencode_codon_aa (gencode_id,codon,aa) VALUES (15,'GCT','A');
INSERT INTO gencode_codon_aa (gencode_id,codon,aa) VALUES (15,'GCC','A');
INSERT INTO gencode_codon_aa (gencode_id,codon,aa) VALUES (15,'GCA','A');
INSERT INTO gencode_codon_aa (gencode_id,codon,aa) VALUES (15,'GCG','A');
INSERT INTO gencode_codon_aa (gencode_id,codon,aa) VALUES (15,'GAT','D');
INSERT INTO gencode_codon_aa (gencode_id,codon,aa) VALUES (15,'GAC','D');
INSERT INTO gencode_codon_aa (gencode_id,codon,aa) VALUES (15,'GAA','E');
INSERT INTO gencode_codon_aa (gencode_id,codon,aa) VALUES (15,'GAG','E');
INSERT INTO gencode_codon_aa (gencode_id,codon,aa) VALUES (15,'GGT','G');
INSERT INTO gencode_codon_aa (gencode_id,codon,aa) VALUES (15,'GGC','G');
INSERT INTO gencode_codon_aa (gencode_id,codon,aa) VALUES (15,'GGA','G');
INSERT INTO gencode_codon_aa (gencode_id,codon,aa) VALUES (15,'GGG','G');
INSERT INTO gencode_codon_aa (gencode_id,codon,aa) VALUES (16,'TTT','F');
INSERT INTO gencode_codon_aa (gencode_id,codon,aa) VALUES (16,'TTC','F');
INSERT INTO gencode_codon_aa (gencode_id,codon,aa) VALUES (16,'TTA','L');
INSERT INTO gencode_codon_aa (gencode_id,codon,aa) VALUES (16,'TTG','L');
INSERT INTO gencode_codon_aa (gencode_id,codon,aa) VALUES (16,'TCT','S');
INSERT INTO gencode_codon_aa (gencode_id,codon,aa) VALUES (16,'TCC','S');
INSERT INTO gencode_codon_aa (gencode_id,codon,aa) VALUES (16,'TCA','S');
INSERT INTO gencode_codon_aa (gencode_id,codon,aa) VALUES (16,'TCG','S');
INSERT INTO gencode_codon_aa (gencode_id,codon,aa) VALUES (16,'TAT','Y');
INSERT INTO gencode_codon_aa (gencode_id,codon,aa) VALUES (16,'TAC','Y');
INSERT INTO gencode_codon_aa (gencode_id,codon,aa) VALUES (16,'TAA','*');
INSERT INTO gencode_codon_aa (gencode_id,codon,aa) VALUES (16,'TAG','L');
INSERT INTO gencode_codon_aa (gencode_id,codon,aa) VALUES (16,'TGT','C');
INSERT INTO gencode_codon_aa (gencode_id,codon,aa) VALUES (16,'TGC','C');
INSERT INTO gencode_codon_aa (gencode_id,codon,aa) VALUES (16,'TGA','*');
INSERT INTO gencode_codon_aa (gencode_id,codon,aa) VALUES (16,'TGG','W');
INSERT INTO gencode_codon_aa (gencode_id,codon,aa) VALUES (16,'CTT','L');
INSERT INTO gencode_codon_aa (gencode_id,codon,aa) VALUES (16,'CTC','L');
INSERT INTO gencode_codon_aa (gencode_id,codon,aa) VALUES (16,'CTA','L');
INSERT INTO gencode_codon_aa (gencode_id,codon,aa) VALUES (16,'CTG','L');
INSERT INTO gencode_codon_aa (gencode_id,codon,aa) VALUES (16,'CCT','P');
INSERT INTO gencode_codon_aa (gencode_id,codon,aa) VALUES (16,'CCC','P');
INSERT INTO gencode_codon_aa (gencode_id,codon,aa) VALUES (16,'CCA','P');
INSERT INTO gencode_codon_aa (gencode_id,codon,aa) VALUES (16,'CCG','P');
INSERT INTO gencode_codon_aa (gencode_id,codon,aa) VALUES (16,'CAT','H');
INSERT INTO gencode_codon_aa (gencode_id,codon,aa) VALUES (16,'CAC','H');
INSERT INTO gencode_codon_aa (gencode_id,codon,aa) VALUES (16,'CAA','Q');
INSERT INTO gencode_codon_aa (gencode_id,codon,aa) VALUES (16,'CAG','Q');
INSERT INTO gencode_codon_aa (gencode_id,codon,aa) VALUES (16,'CGT','R');
INSERT INTO gencode_codon_aa (gencode_id,codon,aa) VALUES (16,'CGC','R');
INSERT INTO gencode_codon_aa (gencode_id,codon,aa) VALUES (16,'CGA','R');
INSERT INTO gencode_codon_aa (gencode_id,codon,aa) VALUES (16,'CGG','R');
INSERT INTO gencode_codon_aa (gencode_id,codon,aa) VALUES (16,'ATT','I');
INSERT INTO gencode_codon_aa (gencode_id,codon,aa) VALUES (16,'ATC','I');
INSERT INTO gencode_codon_aa (gencode_id,codon,aa) VALUES (16,'ATA','I');
INSERT INTO gencode_codon_aa (gencode_id,codon,aa) VALUES (16,'ATG','M');
INSERT INTO gencode_codon_aa (gencode_id,codon,aa) VALUES (16,'ACT','T');
INSERT INTO gencode_codon_aa (gencode_id,codon,aa) VALUES (16,'ACC','T');
INSERT INTO gencode_codon_aa (gencode_id,codon,aa) VALUES (16,'ACA','T');
INSERT INTO gencode_codon_aa (gencode_id,codon,aa) VALUES (16,'ACG','T');
INSERT INTO gencode_codon_aa (gencode_id,codon,aa) VALUES (16,'AAT','N');
INSERT INTO gencode_codon_aa (gencode_id,codon,aa) VALUES (16,'AAC','N');
INSERT INTO gencode_codon_aa (gencode_id,codon,aa) VALUES (16,'AAA','K');
INSERT INTO gencode_codon_aa (gencode_id,codon,aa) VALUES (16,'AAG','K');
INSERT INTO gencode_codon_aa (gencode_id,codon,aa) VALUES (16,'AGT','S');
INSERT INTO gencode_codon_aa (gencode_id,codon,aa) VALUES (16,'AGC','S');
INSERT INTO gencode_codon_aa (gencode_id,codon,aa) VALUES (16,'AGA','R');
INSERT INTO gencode_codon_aa (gencode_id,codon,aa) VALUES (16,'AGG','R');
INSERT INTO gencode_codon_aa (gencode_id,codon,aa) VALUES (16,'GTT','V');
INSERT INTO gencode_codon_aa (gencode_id,codon,aa) VALUES (16,'GTC','V');
INSERT INTO gencode_codon_aa (gencode_id,codon,aa) VALUES (16,'GTA','V');
INSERT INTO gencode_codon_aa (gencode_id,codon,aa) VALUES (16,'GTG','V');
INSERT INTO gencode_codon_aa (gencode_id,codon,aa) VALUES (16,'GCT','A');
INSERT INTO gencode_codon_aa (gencode_id,codon,aa) VALUES (16,'GCC','A');
INSERT INTO gencode_codon_aa (gencode_id,codon,aa) VALUES (16,'GCA','A');
INSERT INTO gencode_codon_aa (gencode_id,codon,aa) VALUES (16,'GCG','A');
INSERT INTO gencode_codon_aa (gencode_id,codon,aa) VALUES (16,'GAT','D');
INSERT INTO gencode_codon_aa (gencode_id,codon,aa) VALUES (16,'GAC','D');
INSERT INTO gencode_codon_aa (gencode_id,codon,aa) VALUES (16,'GAA','E');
INSERT INTO gencode_codon_aa (gencode_id,codon,aa) VALUES (16,'GAG','E');
INSERT INTO gencode_codon_aa (gencode_id,codon,aa) VALUES (16,'GGT','G');
INSERT INTO gencode_codon_aa (gencode_id,codon,aa) VALUES (16,'GGC','G');
INSERT INTO gencode_codon_aa (gencode_id,codon,aa) VALUES (16,'GGA','G');
INSERT INTO gencode_codon_aa (gencode_id,codon,aa) VALUES (16,'GGG','G');
INSERT INTO gencode_codon_aa (gencode_id,codon,aa) VALUES (21,'TTT','F');
INSERT INTO gencode_codon_aa (gencode_id,codon,aa) VALUES (21,'TTC','F');
INSERT INTO gencode_codon_aa (gencode_id,codon,aa) VALUES (21,'TTA','L');
INSERT INTO gencode_codon_aa (gencode_id,codon,aa) VALUES (21,'TTG','L');
INSERT INTO gencode_codon_aa (gencode_id,codon,aa) VALUES (21,'TCT','S');
INSERT INTO gencode_codon_aa (gencode_id,codon,aa) VALUES (21,'TCC','S');
INSERT INTO gencode_codon_aa (gencode_id,codon,aa) VALUES (21,'TCA','S');
INSERT INTO gencode_codon_aa (gencode_id,codon,aa) VALUES (21,'TCG','S');
INSERT INTO gencode_codon_aa (gencode_id,codon,aa) VALUES (21,'TAT','Y');
INSERT INTO gencode_codon_aa (gencode_id,codon,aa) VALUES (21,'TAC','Y');
INSERT INTO gencode_codon_aa (gencode_id,codon,aa) VALUES (21,'TAA','*');
INSERT INTO gencode_codon_aa (gencode_id,codon,aa) VALUES (21,'TAG','*');
INSERT INTO gencode_codon_aa (gencode_id,codon,aa) VALUES (21,'TGT','C');
INSERT INTO gencode_codon_aa (gencode_id,codon,aa) VALUES (21,'TGC','C');
INSERT INTO gencode_codon_aa (gencode_id,codon,aa) VALUES (21,'TGA','W');
INSERT INTO gencode_codon_aa (gencode_id,codon,aa) VALUES (21,'TGG','W');
INSERT INTO gencode_codon_aa (gencode_id,codon,aa) VALUES (21,'CTT','L');
INSERT INTO gencode_codon_aa (gencode_id,codon,aa) VALUES (21,'CTC','L');
INSERT INTO gencode_codon_aa (gencode_id,codon,aa) VALUES (21,'CTA','L');
INSERT INTO gencode_codon_aa (gencode_id,codon,aa) VALUES (21,'CTG','L');
INSERT INTO gencode_codon_aa (gencode_id,codon,aa) VALUES (21,'CCT','P');
INSERT INTO gencode_codon_aa (gencode_id,codon,aa) VALUES (21,'CCC','P');
INSERT INTO gencode_codon_aa (gencode_id,codon,aa) VALUES (21,'CCA','P');
INSERT INTO gencode_codon_aa (gencode_id,codon,aa) VALUES (21,'CCG','P');
INSERT INTO gencode_codon_aa (gencode_id,codon,aa) VALUES (21,'CAT','H');
INSERT INTO gencode_codon_aa (gencode_id,codon,aa) VALUES (21,'CAC','H');
INSERT INTO gencode_codon_aa (gencode_id,codon,aa) VALUES (21,'CAA','Q');
INSERT INTO gencode_codon_aa (gencode_id,codon,aa) VALUES (21,'CAG','Q');
INSERT INTO gencode_codon_aa (gencode_id,codon,aa) VALUES (21,'CGT','R');
INSERT INTO gencode_codon_aa (gencode_id,codon,aa) VALUES (21,'CGC','R');
INSERT INTO gencode_codon_aa (gencode_id,codon,aa) VALUES (21,'CGA','R');
INSERT INTO gencode_codon_aa (gencode_id,codon,aa) VALUES (21,'CGG','R');
INSERT INTO gencode_codon_aa (gencode_id,codon,aa) VALUES (21,'ATT','I');
INSERT INTO gencode_codon_aa (gencode_id,codon,aa) VALUES (21,'ATC','I');
INSERT INTO gencode_codon_aa (gencode_id,codon,aa) VALUES (21,'ATA','M');
INSERT INTO gencode_codon_aa (gencode_id,codon,aa) VALUES (21,'ATG','M');
INSERT INTO gencode_codon_aa (gencode_id,codon,aa) VALUES (21,'ACT','T');
INSERT INTO gencode_codon_aa (gencode_id,codon,aa) VALUES (21,'ACC','T');
INSERT INTO gencode_codon_aa (gencode_id,codon,aa) VALUES (21,'ACA','T');
INSERT INTO gencode_codon_aa (gencode_id,codon,aa) VALUES (21,'ACG','T');
INSERT INTO gencode_codon_aa (gencode_id,codon,aa) VALUES (21,'AAT','N');
INSERT INTO gencode_codon_aa (gencode_id,codon,aa) VALUES (21,'AAC','N');
INSERT INTO gencode_codon_aa (gencode_id,codon,aa) VALUES (21,'AAA','N');
INSERT INTO gencode_codon_aa (gencode_id,codon,aa) VALUES (21,'AAG','K');
INSERT INTO gencode_codon_aa (gencode_id,codon,aa) VALUES (21,'AGT','S');
INSERT INTO gencode_codon_aa (gencode_id,codon,aa) VALUES (21,'AGC','S');
INSERT INTO gencode_codon_aa (gencode_id,codon,aa) VALUES (21,'AGA','S');
INSERT INTO gencode_codon_aa (gencode_id,codon,aa) VALUES (21,'AGG','S');
INSERT INTO gencode_codon_aa (gencode_id,codon,aa) VALUES (21,'GTT','V');
INSERT INTO gencode_codon_aa (gencode_id,codon,aa) VALUES (21,'GTC','V');
INSERT INTO gencode_codon_aa (gencode_id,codon,aa) VALUES (21,'GTA','V');
INSERT INTO gencode_codon_aa (gencode_id,codon,aa) VALUES (21,'GTG','V');
INSERT INTO gencode_codon_aa (gencode_id,codon,aa) VALUES (21,'GCT','A');
INSERT INTO gencode_codon_aa (gencode_id,codon,aa) VALUES (21,'GCC','A');
INSERT INTO gencode_codon_aa (gencode_id,codon,aa) VALUES (21,'GCA','A');
INSERT INTO gencode_codon_aa (gencode_id,codon,aa) VALUES (21,'GCG','A');
INSERT INTO gencode_codon_aa (gencode_id,codon,aa) VALUES (21,'GAT','D');
INSERT INTO gencode_codon_aa (gencode_id,codon,aa) VALUES (21,'GAC','D');
INSERT INTO gencode_codon_aa (gencode_id,codon,aa) VALUES (21,'GAA','E');
INSERT INTO gencode_codon_aa (gencode_id,codon,aa) VALUES (21,'GAG','E');
INSERT INTO gencode_codon_aa (gencode_id,codon,aa) VALUES (21,'GGT','G');
INSERT INTO gencode_codon_aa (gencode_id,codon,aa) VALUES (21,'GGC','G');
INSERT INTO gencode_codon_aa (gencode_id,codon,aa) VALUES (21,'GGA','G');
INSERT INTO gencode_codon_aa (gencode_id,codon,aa) VALUES (21,'GGG','G');
INSERT INTO gencode_codon_aa (gencode_id,codon,aa) VALUES (22,'TTT','F');
INSERT INTO gencode_codon_aa (gencode_id,codon,aa) VALUES (22,'TTC','F');
INSERT INTO gencode_codon_aa (gencode_id,codon,aa) VALUES (22,'TTA','L');
INSERT INTO gencode_codon_aa (gencode_id,codon,aa) VALUES (22,'TTG','L');
INSERT INTO gencode_codon_aa (gencode_id,codon,aa) VALUES (22,'TCT','S');
INSERT INTO gencode_codon_aa (gencode_id,codon,aa) VALUES (22,'TCC','S');
INSERT INTO gencode_codon_aa (gencode_id,codon,aa) VALUES (22,'TCA','*');
INSERT INTO gencode_codon_aa (gencode_id,codon,aa) VALUES (22,'TCG','S');
INSERT INTO gencode_codon_aa (gencode_id,codon,aa) VALUES (22,'TAT','Y');
INSERT INTO gencode_codon_aa (gencode_id,codon,aa) VALUES (22,'TAC','Y');
INSERT INTO gencode_codon_aa (gencode_id,codon,aa) VALUES (22,'TAA','*');
INSERT INTO gencode_codon_aa (gencode_id,codon,aa) VALUES (22,'TAG','L');
INSERT INTO gencode_codon_aa (gencode_id,codon,aa) VALUES (22,'TGT','C');
INSERT INTO gencode_codon_aa (gencode_id,codon,aa) VALUES (22,'TGC','C');
INSERT INTO gencode_codon_aa (gencode_id,codon,aa) VALUES (22,'TGA','*');
INSERT INTO gencode_codon_aa (gencode_id,codon,aa) VALUES (22,'TGG','W');
INSERT INTO gencode_codon_aa (gencode_id,codon,aa) VALUES (22,'CTT','L');
INSERT INTO gencode_codon_aa (gencode_id,codon,aa) VALUES (22,'CTC','L');
INSERT INTO gencode_codon_aa (gencode_id,codon,aa) VALUES (22,'CTA','L');
INSERT INTO gencode_codon_aa (gencode_id,codon,aa) VALUES (22,'CTG','L');
INSERT INTO gencode_codon_aa (gencode_id,codon,aa) VALUES (22,'CCT','P');
INSERT INTO gencode_codon_aa (gencode_id,codon,aa) VALUES (22,'CCC','P');
INSERT INTO gencode_codon_aa (gencode_id,codon,aa) VALUES (22,'CCA','P');
INSERT INTO gencode_codon_aa (gencode_id,codon,aa) VALUES (22,'CCG','P');
INSERT INTO gencode_codon_aa (gencode_id,codon,aa) VALUES (22,'CAT','H');
INSERT INTO gencode_codon_aa (gencode_id,codon,aa) VALUES (22,'CAC','H');
INSERT INTO gencode_codon_aa (gencode_id,codon,aa) VALUES (22,'CAA','Q');
INSERT INTO gencode_codon_aa (gencode_id,codon,aa) VALUES (22,'CAG','Q');
INSERT INTO gencode_codon_aa (gencode_id,codon,aa) VALUES (22,'CGT','R');
INSERT INTO gencode_codon_aa (gencode_id,codon,aa) VALUES (22,'CGC','R');
INSERT INTO gencode_codon_aa (gencode_id,codon,aa) VALUES (22,'CGA','R');
INSERT INTO gencode_codon_aa (gencode_id,codon,aa) VALUES (22,'CGG','R');
INSERT INTO gencode_codon_aa (gencode_id,codon,aa) VALUES (22,'ATT','I');
INSERT INTO gencode_codon_aa (gencode_id,codon,aa) VALUES (22,'ATC','I');
INSERT INTO gencode_codon_aa (gencode_id,codon,aa) VALUES (22,'ATA','I');
INSERT INTO gencode_codon_aa (gencode_id,codon,aa) VALUES (22,'ATG','M');
INSERT INTO gencode_codon_aa (gencode_id,codon,aa) VALUES (22,'ACT','T');
INSERT INTO gencode_codon_aa (gencode_id,codon,aa) VALUES (22,'ACC','T');
INSERT INTO gencode_codon_aa (gencode_id,codon,aa) VALUES (22,'ACA','T');
INSERT INTO gencode_codon_aa (gencode_id,codon,aa) VALUES (22,'ACG','T');
INSERT INTO gencode_codon_aa (gencode_id,codon,aa) VALUES (22,'AAT','N');
INSERT INTO gencode_codon_aa (gencode_id,codon,aa) VALUES (22,'AAC','N');
INSERT INTO gencode_codon_aa (gencode_id,codon,aa) VALUES (22,'AAA','K');
INSERT INTO gencode_codon_aa (gencode_id,codon,aa) VALUES (22,'AAG','K');
INSERT INTO gencode_codon_aa (gencode_id,codon,aa) VALUES (22,'AGT','S');
INSERT INTO gencode_codon_aa (gencode_id,codon,aa) VALUES (22,'AGC','S');
INSERT INTO gencode_codon_aa (gencode_id,codon,aa) VALUES (22,'AGA','R');
INSERT INTO gencode_codon_aa (gencode_id,codon,aa) VALUES (22,'AGG','R');
INSERT INTO gencode_codon_aa (gencode_id,codon,aa) VALUES (22,'GTT','V');
INSERT INTO gencode_codon_aa (gencode_id,codon,aa) VALUES (22,'GTC','V');
INSERT INTO gencode_codon_aa (gencode_id,codon,aa) VALUES (22,'GTA','V');
INSERT INTO gencode_codon_aa (gencode_id,codon,aa) VALUES (22,'GTG','V');
INSERT INTO gencode_codon_aa (gencode_id,codon,aa) VALUES (22,'GCT','A');
INSERT INTO gencode_codon_aa (gencode_id,codon,aa) VALUES (22,'GCC','A');
INSERT INTO gencode_codon_aa (gencode_id,codon,aa) VALUES (22,'GCA','A');
INSERT INTO gencode_codon_aa (gencode_id,codon,aa) VALUES (22,'GCG','A');
INSERT INTO gencode_codon_aa (gencode_id,codon,aa) VALUES (22,'GAT','D');
INSERT INTO gencode_codon_aa (gencode_id,codon,aa) VALUES (22,'GAC','D');
INSERT INTO gencode_codon_aa (gencode_id,codon,aa) VALUES (22,'GAA','E');
INSERT INTO gencode_codon_aa (gencode_id,codon,aa) VALUES (22,'GAG','E');
INSERT INTO gencode_codon_aa (gencode_id,codon,aa) VALUES (22,'GGT','G');
INSERT INTO gencode_codon_aa (gencode_id,codon,aa) VALUES (22,'GGC','G');
INSERT INTO gencode_codon_aa (gencode_id,codon,aa) VALUES (22,'GGA','G');
INSERT INTO gencode_codon_aa (gencode_id,codon,aa) VALUES (22,'GGG','G');
INSERT INTO gencode_codon_aa (gencode_id,codon,aa) VALUES (23,'TTT','F');
INSERT INTO gencode_codon_aa (gencode_id,codon,aa) VALUES (23,'TTC','F');
INSERT INTO gencode_codon_aa (gencode_id,codon,aa) VALUES (23,'TTA','*');
INSERT INTO gencode_codon_aa (gencode_id,codon,aa) VALUES (23,'TTG','L');
INSERT INTO gencode_codon_aa (gencode_id,codon,aa) VALUES (23,'TCT','S');
INSERT INTO gencode_codon_aa (gencode_id,codon,aa) VALUES (23,'TCC','S');
INSERT INTO gencode_codon_aa (gencode_id,codon,aa) VALUES (23,'TCA','S');
INSERT INTO gencode_codon_aa (gencode_id,codon,aa) VALUES (23,'TCG','S');
INSERT INTO gencode_codon_aa (gencode_id,codon,aa) VALUES (23,'TAT','Y');
INSERT INTO gencode_codon_aa (gencode_id,codon,aa) VALUES (23,'TAC','Y');
INSERT INTO gencode_codon_aa (gencode_id,codon,aa) VALUES (23,'TAA','*');
INSERT INTO gencode_codon_aa (gencode_id,codon,aa) VALUES (23,'TAG','*');
INSERT INTO gencode_codon_aa (gencode_id,codon,aa) VALUES (23,'TGT','C');
INSERT INTO gencode_codon_aa (gencode_id,codon,aa) VALUES (23,'TGC','C');
INSERT INTO gencode_codon_aa (gencode_id,codon,aa) VALUES (23,'TGA','*');
INSERT INTO gencode_codon_aa (gencode_id,codon,aa) VALUES (23,'TGG','W');
INSERT INTO gencode_codon_aa (gencode_id,codon,aa) VALUES (23,'CTT','L');
INSERT INTO gencode_codon_aa (gencode_id,codon,aa) VALUES (23,'CTC','L');
INSERT INTO gencode_codon_aa (gencode_id,codon,aa) VALUES (23,'CTA','L');
INSERT INTO gencode_codon_aa (gencode_id,codon,aa) VALUES (23,'CTG','L');
INSERT INTO gencode_codon_aa (gencode_id,codon,aa) VALUES (23,'CCT','P');
INSERT INTO gencode_codon_aa (gencode_id,codon,aa) VALUES (23,'CCC','P');
INSERT INTO gencode_codon_aa (gencode_id,codon,aa) VALUES (23,'CCA','P');
INSERT INTO gencode_codon_aa (gencode_id,codon,aa) VALUES (23,'CCG','P');
INSERT INTO gencode_codon_aa (gencode_id,codon,aa) VALUES (23,'CAT','H');
INSERT INTO gencode_codon_aa (gencode_id,codon,aa) VALUES (23,'CAC','H');
INSERT INTO gencode_codon_aa (gencode_id,codon,aa) VALUES (23,'CAA','Q');
INSERT INTO gencode_codon_aa (gencode_id,codon,aa) VALUES (23,'CAG','Q');
INSERT INTO gencode_codon_aa (gencode_id,codon,aa) VALUES (23,'CGT','R');
INSERT INTO gencode_codon_aa (gencode_id,codon,aa) VALUES (23,'CGC','R');
INSERT INTO gencode_codon_aa (gencode_id,codon,aa) VALUES (23,'CGA','R');
INSERT INTO gencode_codon_aa (gencode_id,codon,aa) VALUES (23,'CGG','R');
INSERT INTO gencode_codon_aa (gencode_id,codon,aa) VALUES (23,'ATT','I');
INSERT INTO gencode_codon_aa (gencode_id,codon,aa) VALUES (23,'ATC','I');
INSERT INTO gencode_codon_aa (gencode_id,codon,aa) VALUES (23,'ATA','I');
INSERT INTO gencode_codon_aa (gencode_id,codon,aa) VALUES (23,'ATG','M');
INSERT INTO gencode_codon_aa (gencode_id,codon,aa) VALUES (23,'ACT','T');
INSERT INTO gencode_codon_aa (gencode_id,codon,aa) VALUES (23,'ACC','T');
INSERT INTO gencode_codon_aa (gencode_id,codon,aa) VALUES (23,'ACA','T');
INSERT INTO gencode_codon_aa (gencode_id,codon,aa) VALUES (23,'ACG','T');
INSERT INTO gencode_codon_aa (gencode_id,codon,aa) VALUES (23,'AAT','N');
INSERT INTO gencode_codon_aa (gencode_id,codon,aa) VALUES (23,'AAC','N');
INSERT INTO gencode_codon_aa (gencode_id,codon,aa) VALUES (23,'AAA','K');
INSERT INTO gencode_codon_aa (gencode_id,codon,aa) VALUES (23,'AAG','K');
INSERT INTO gencode_codon_aa (gencode_id,codon,aa) VALUES (23,'AGT','S');
INSERT INTO gencode_codon_aa (gencode_id,codon,aa) VALUES (23,'AGC','S');
INSERT INTO gencode_codon_aa (gencode_id,codon,aa) VALUES (23,'AGA','R');
INSERT INTO gencode_codon_aa (gencode_id,codon,aa) VALUES (23,'AGG','R');
INSERT INTO gencode_codon_aa (gencode_id,codon,aa) VALUES (23,'GTT','V');
INSERT INTO gencode_codon_aa (gencode_id,codon,aa) VALUES (23,'GTC','V');
INSERT INTO gencode_codon_aa (gencode_id,codon,aa) VALUES (23,'GTA','V');
INSERT INTO gencode_codon_aa (gencode_id,codon,aa) VALUES (23,'GTG','V');
INSERT INTO gencode_codon_aa (gencode_id,codon,aa) VALUES (23,'GCT','A');
INSERT INTO gencode_codon_aa (gencode_id,codon,aa) VALUES (23,'GCC','A');
INSERT INTO gencode_codon_aa (gencode_id,codon,aa) VALUES (23,'GCA','A');
INSERT INTO gencode_codon_aa (gencode_id,codon,aa) VALUES (23,'GCG','A');
INSERT INTO gencode_codon_aa (gencode_id,codon,aa) VALUES (23,'GAT','D');
INSERT INTO gencode_codon_aa (gencode_id,codon,aa) VALUES (23,'GAC','D');
INSERT INTO gencode_codon_aa (gencode_id,codon,aa) VALUES (23,'GAA','E');
INSERT INTO gencode_codon_aa (gencode_id,codon,aa) VALUES (23,'GAG','E');
INSERT INTO gencode_codon_aa (gencode_id,codon,aa) VALUES (23,'GGT','G');
INSERT INTO gencode_codon_aa (gencode_id,codon,aa) VALUES (23,'GGC','G');
INSERT INTO gencode_codon_aa (gencode_id,codon,aa) VALUES (23,'GGA','G');
INSERT INTO gencode_codon_aa (gencode_id,codon,aa) VALUES (23,'GGG','G');
INSERT INTO gencode_startcodon (gencode_id,codon) VALUES (1,'TTG');
INSERT INTO gencode_startcodon (gencode_id,codon) VALUES (1,'CTG');
INSERT INTO gencode_startcodon (gencode_id,codon) VALUES (1,'ATG');
INSERT INTO gencode_startcodon (gencode_id,codon) VALUES (2,'ATT');
INSERT INTO gencode_startcodon (gencode_id,codon) VALUES (2,'ATC');
INSERT INTO gencode_startcodon (gencode_id,codon) VALUES (2,'ATA');
INSERT INTO gencode_startcodon (gencode_id,codon) VALUES (2,'ATG');
INSERT INTO gencode_startcodon (gencode_id,codon) VALUES (2,'GTG');
INSERT INTO gencode_startcodon (gencode_id,codon) VALUES (3,'ATA');
INSERT INTO gencode_startcodon (gencode_id,codon) VALUES (3,'ATG');
INSERT INTO gencode_startcodon (gencode_id,codon) VALUES (4,'TTA');
INSERT INTO gencode_startcodon (gencode_id,codon) VALUES (4,'TTG');
INSERT INTO gencode_startcodon (gencode_id,codon) VALUES (4,'CTG');
INSERT INTO gencode_startcodon (gencode_id,codon) VALUES (4,'ATT');
INSERT INTO gencode_startcodon (gencode_id,codon) VALUES (4,'ATC');
INSERT INTO gencode_startcodon (gencode_id,codon) VALUES (4,'ATA');
INSERT INTO gencode_startcodon (gencode_id,codon) VALUES (4,'ATG');
INSERT INTO gencode_startcodon (gencode_id,codon) VALUES (4,'GTG');
INSERT INTO gencode_startcodon (gencode_id,codon) VALUES (5,'TTG');
INSERT INTO gencode_startcodon (gencode_id,codon) VALUES (5,'ATT');
INSERT INTO gencode_startcodon (gencode_id,codon) VALUES (5,'ATC');
INSERT INTO gencode_startcodon (gencode_id,codon) VALUES (5,'ATA');
INSERT INTO gencode_startcodon (gencode_id,codon) VALUES (5,'ATG');
INSERT INTO gencode_startcodon (gencode_id,codon) VALUES (5,'GTG');
INSERT INTO gencode_startcodon (gencode_id,codon) VALUES (6,'ATG');
INSERT INTO gencode_startcodon (gencode_id,codon) VALUES (9,'ATG');
INSERT INTO gencode_startcodon (gencode_id,codon) VALUES (9,'GTG');
INSERT INTO gencode_startcodon (gencode_id,codon) VALUES (10,'ATG');
INSERT INTO gencode_startcodon (gencode_id,codon) VALUES (11,'TTG');
INSERT INTO gencode_startcodon (gencode_id,codon) VALUES (11,'CTG');
INSERT INTO gencode_startcodon (gencode_id,codon) VALUES (11,'ATT');
INSERT INTO gencode_startcodon (gencode_id,codon) VALUES (11,'ATC');
INSERT INTO gencode_startcodon (gencode_id,codon) VALUES (11,'ATA');
INSERT INTO gencode_startcodon (gencode_id,codon) VALUES (11,'ATG');
INSERT INTO gencode_startcodon (gencode_id,codon) VALUES (11,'GTG');
INSERT INTO gencode_startcodon (gencode_id,codon) VALUES (12,'CTG');
INSERT INTO gencode_startcodon (gencode_id,codon) VALUES (12,'ATG');
INSERT INTO gencode_startcodon (gencode_id,codon) VALUES (13,'ATG');
INSERT INTO gencode_startcodon (gencode_id,codon) VALUES (14,'ATG');
INSERT INTO gencode_startcodon (gencode_id,codon) VALUES (15,'ATG');
INSERT INTO gencode_startcodon (gencode_id,codon) VALUES (16,'ATG');
INSERT INTO gencode_startcodon (gencode_id,codon) VALUES (21,'ATG');
INSERT INTO gencode_startcodon (gencode_id,codon) VALUES (21,'GTG');
INSERT INTO gencode_startcodon (gencode_id,codon) VALUES (22,'ATG');
INSERT INTO gencode_startcodon (gencode_id,codon) VALUES (23,'ATT');
INSERT INTO gencode_startcodon (gencode_id,codon) VALUES (23,'ATG');
INSERT INTO gencode_startcodon (gencode_id,codon) VALUES (23,'GTG');
